ITEMNAME,DEPNAME,MAINUPC,SIZENAME,PACKNAME,CURRENTCOST,PRICEPERUNIT,TOTALQTY
CALI LONG BEACH CAN,Beer,12354013476,355ml,4-Pack,8.66,10.99,0
CALI SMOKIN STRAW CAN,Beer,12354013636,355ml,4-Pack,8.66,10.99,0
BUD ICE BTL,Beer,18200006463,12 OZ,6-Pack,6.04,7.27,0
ODOULS BTL,Beer,18200007842,Non- Alc,6-Pack,6.58,9.38,6
BUD LIGHT BTL,Beer,18200008337,12 OZ,6-Pack,7,9.38,1
BUDWEISER BTL,Beer,18200008344,12 OZ,6-Pack,7,9.38,2
RITAS STRAW-BER-RITA CAN,Beer,18200008559,16 OZ,,1.42,1.88,25
MICHELOB ULTRA BTL,Beer,18200059896,12 OZ,6-Pack,7.56,10.32,9
BUD LIGHT LIME BTL,Beer,18200149917,12 OZ,6-Pack,7.6,10.32,4
BUD LIGHT LIME CAN 12 PK,Beer,18200159831,12 OZ,12-Pack,14.05,17.99,2
BUD LIGHT PLATINUM BTL,Beer,18200189937,12 OZ,6-Pack,7.22,9.38,2
BUDWEISER CAN,Beer,18200250002,25 OZ,,1.44,1.98,200
BUD LIGHT CAN,Beer,18200250019,25 OZ,,1.44,1.98,27
BUSCH BEER,Beer,18200250033,25 OZ,,0.82,1.17,150
BUD ICE CAN,Beer,18200250064,25 OZ,,0.94,1.26,857
BUSCH ICE CAN,Beer,18200250071,25 OZ,,0.82,1.17,1007
NATURAL ICE CAN,Beer,18200250088,25 OZ,,1.24,1.88,5
BUD LIGHT LIME CAN,Beer,18200250095,25 OZ,,1.76,2.44,33
RITAS LIME-A-RITA CAN,Beer,18200250149,25 OZ,,2.27,3.28,23
RITAS STRAW-BERR-ITA CAN,Beer,18200255052,25 OZ,,2.27,3.28,40
RITAS MANGO-RITA CAN,Beer,18200255328,16 OZ,,1.42,1.88,27
RITAS MANGO-RITA CAN,Beer,18200255335,25 OZ,,2.27,3.28,31
RITAS CRAN BER RITA CAN,Beer,18200255380,25 OZ,,2.27,3.28,15
BEST DAM ROOT BEER 12OZ,Beer,18200258015,12 OZ,,1.29,1.85,0
RITAS BERRY A RITA,Beer,18200258336,25 OZ,,1.82,3.28,0
RITAS CRANBERITA CAN,Beer,18200258404,16 OZ,,1.42,1.88,24
RITAS WATERMELON RITA,Beer,18200259081,25 OZ,,2.27,3.28,24
PRESIDENTE LAGER CAN,Beer,18200260766,25 OZ,,1.68,2.35,0
PRESIDENTE LAGER BTL,Beer,18200260773,40 OZ,,3.02,3.99,6
STELLA ARTOS CAN,Beer,18200261244,25 OZ,,2.23,3.05,12
NEON PUNCH BLAST CAN,Beer,18200262975,25 OZ,,1.97,2.63,5
NUTRL PINEAPPLE CAN,Beer,18200263866,24 OZ,,3,3.75,11
RITAS PINEAPPLE CAN,Beer,18200264672,16 OZ,,1.2,1.88,1
RITAS PINA A RITA CAN,Beer,18200264689,25 OZ,,2.27,3.28,4
RITAS LEMON-ADE-RITA CAN,Beer,18200959998,25 OZ,,2.27,3.28,22
RITAS LEMON-ADE-RITA CAN,Beer,18200960031,16 OZ,,1.42,1.88,23
MICHELOB CAN 30 PACK,Beer,18200965500,12 OZ,30-Pack,30,31.99,0
OCULTO 25OZ,Beer,18200969102,25 OZ,,1.92,2.57,0
BUD LIGHT BTL,Beer,1845628,18 OZ,,1.09,1.5,0
BUDWEISER ALLU.,Beer,1847325,16 OZ,,0.95,1.27,186
MODELITO BTL,Beer,33544000212,7 OZ,24-Pack,21.5,25.99,5
MODELO CHELADA MANGO,Beer,33544000267,24 OZ,,2.75,3.66,26
MODELO CHELADA PICANTE CAN,Beer,33544000809,24 OZ,,2.75,3.66,24
MODELO LIMON SAL CAN 12 PK,Beer,33544001301,12 OZ,12-Pack,15.95,20.99,19
MODELO CHELADA NARANJA CAN,Beer,33544001585,24 OZ,,2.75,3.66,11
CORONA PREMIER CAN,Beer,33544001615,12 OZ,Single,1.22,1.88,-30
VICKY CHAMOY CAN,Beer,33544001745,24 OZ,,2.75,3.38,7
MODELO CHELADA VERIETY PACK,Beer,33544001776,12 OZ,12-Pack,15.5,21.99,0
MODELO SANDIA CAN,Beer,33544001875,24 OZ,,2.75,3.66,9
MODELO CHELADA CAN,Beer,33544001882,12 OZ,12-Pack,15.5,20.99,5
MODELO FRESCAS ASSORTED CAN,Beer,33544001981,12 OZ,,1.42,1.88,-5
MODELO CHELADA AGUAS,Beer,33544002025,24 OZ,,2.75,3.66,2
VICTORIA CAN,Beer,33544002070,24 OZ,,2.58,3.38,0
CORONA SUNBREW BTL,Beer,33544002384,12 OZ,6-Pack,7.88,10.32,9
CORONA SUNBREW BTL 12 PACK,Beer,33544002421,12 OZ,12-Pack,15.75,19.99,12
CORONA SUNBREW CAN,Beer,33544002445,24 OZ,,2.75,3.52,0
VICTORIA BTL,Beer,33544950258,32 OZ,,3.17,4.2,0
PACIFICO CLARA CAN 12 PK,Beer,33544950319,12 OZ,12-Pack,15.42,18.99,6
CORONA PREMIER BTL,Beer,33544950418,12 OZ,6-Pack,7.88,10.32,11
CORONA PREMIER BTL,Beer,33544950425,12 OZ,12-Pack,15.68,18.99,0
CORONA FAMILIER BTL,Beer,33544950517,12 OZ,6-Pack,7.88,10.32,13
MODELO CHELADA LIMON,Beer,33544950609,24 OZ,,2.75,3.66,50
MODELO ESPECIAL BTL,Beer,33544950906,32 OZ,,3.25,4.22,30
MICKEYS MALT BEER BTL,Beer,34100774356,12 OZ,6-Pack,4.9,7.04,8
OLD ENGLISH 800 BTL,Beer,3424111,42.oz,,2.1,2.81,21
UFO GUAVA LAMP CAN,Beer,41827900425,12 OZ,,1,1.41,0
SUNNYD VODKA SELTZR,Beer,50200003295,355ml,4-Pack,8.17,8.99,16
SCHLITZ MALT CAN,Beer,52300000440,16 OZ,,0.6,0.94,202
SCHLITZ MALT CAN,Beer,52300000457,24 OZ,,0.88,1.41,0
SCHLITZ HIGH GRAVITY CAN,Beer,52300001430,25 OZ,,0.92,1.5,40
LABATT ICE CAN,Beer,62067380624,24 OZ,,0.9,1.17,107
FOSTERS LAGER CAN,Beer,70897013315,25 OZ,,2.08,2.81,0
COLT 45 CAN,Beer,71250000171,16 OZ,,0.74,1.03,268
COLT 45 BTL,Beer,71250000195,40 OZ,,2,2.81,11
COLT 45 CAN,Beer,71250402050,25 OZ,,1.11,1.64,143
BLUE MOON BELGIAN WHITE BTL,Beer,71990095116,12 OZ,6-Pack,8.88,11.99,0
BLUE MOON WHITE ALE 12 PK,Beer,71990095161,12 OZ,12-Pack,17.25,22.99,1
COORS ORIGINAL CAN,Beer,71990100711,24 OZ,,1.49,1.97,64
COORS ORIGINAL BTL,Beer,71990170288,12 OZ,6-Pack,7.02,9.36,2
COORS LIGHT BTL,Beer,71990300050,12 OZ,6-Pack,7.02,9.38,8
COORS LIGHT BTL,Beer,71990300098,7 OZ,6-Pack,3.8,5.99,1
COORS LIGHT CAN,Beer,71990300654,24 OZ,,1.48,1.97,134
COORS LIGHT ALLUMINIUM CAN,Beer,71990301033,16 OZ,,0.94,1.41,106
BALLANTINE ALE BTL,Beer,72130124017,40 OZ,,1.81,2.58,0
BALLANTINE ALE BTL,Beer,72130229064,12 OZ,6-Pack,4.94,7.03,2
BALLANTINE ALE CAN,Beer,72130538012,16 OZ,,0.89,1.27,35
HEINEKEN BTL,Beer,72890000118,12 OZ,6-Pack,7.84,10.32,211
HEINEKEN BTL 12 PK,Beer,72890000163,12 OZ,12-Pack,15.62,18.99,50
HEINEKEN CAN,Beer,72890000200,12 OZ,12-Pack,15.68,18.99,30
HEINEKEN BTL 24 PK,Beer,72890000316,12 OZ,,31,33.99,40
HEINEKEN BTL,Beer,72890000422,7 OZ,6-Pack,6,8.45,26
HEINEKEN CAN,Beer,72890001191,24 OZ,,2.4,3.29,79
HEINEKEN BTL,Beer,72890004789,24 OZ,,2.4,3.29,113
EXTRA DRY CHAMPALE  22 OZ,Beer,73360990069,22 OZ,,1.71,2.34,0
STEEL RESERVE CAN,Beer,78250003287,24 OZ,,1.42,1.88,48
STEEL RESERVE CAN,Beer,78250003362,16 OZ,,0.79,1.03,169
STEEL RESERVE BTL,Beer,78250006240,40 OZ,,1.97,2.81,8
BACARDI LIME SODA CAN,Beer,80480985394,355ml,,1.16,1.64,4
PACIFICO CLARA BTL,Beer,80660953014,12 OZ,6-Pack,7.88,10.32,2
PACIFICO CLARA BTL 12 PK,Beer,80660953151,12 OZ,12-Pack,15.68,18.99,2
CORONITA 6PK,Beer,80660954011,7 OZ,6-Pack,5.45,8.45,-3
CORONITA 24PK,Beer,80660954080,7 OZ,24-Pack,21.5,24.99,19
CORONA BTL,Beer,80660956053,12 OZ,6-Pack,7.88,10.32,94
CORONA BTL 24 PACK,Beer,80660956084,12 OZ,24-Pack,31,33.99,25
CORONA BTL 12 PACK,Beer,80660956152,12 OZ,12-Pack,15.68,18.99,2
CORONA BTL,Beer,80660956411,24 OZ,,2.75,3.52,39
CORONA EXTRA CAN,Beer,80660956435,24 OZ,,2.75,3.52,68
CORONA FAMILIAR BTL,Beer,80660956831,32 OZ,,3.25,4.03,23
CORONA EXTRA CAN,Beer,80660956954,12 OZ,12-Pack,15.68,18.99,9
MODELO CAN 24 PACK,Beer,80660957104,12 OZ,24-Pack,31.25,34.99,6
MODELO CAN,Beer,80660957159,12 OZ,12-Pack,15.88,18.99,1
MODELO CAN,Beer,80660957210,24 OZ,,2.75,3.66,100
MODELO 12 PK BTL,Beer,80660957579,12 OZ,,15.68,18.99,28
MODELO BTL,Beer,80660957654,12 OZ,6-Pack,7.88,10.32,100
MODELO BTL 24 PACK,Beer,80660957760,12 OZ,,31,33.99,17
MODELO NEGRA BTL,Beer,80660957852,12 OZ,6-Pack,7.88,10.32,10
MODELO CHELADA CAN,Beer,80660957968,24 OZ,,2.75,3.66,41
CASAMIGOS RTD CAN,Beer,82000811374,200 ML,8 PACK,14.99,19.99,9
JACK DANIELS HONEY LEMON CAN,Beer,82184204771,355ml,4-Pack,10.49,13.99,8
JACK DANIELS APPLE FIZZ CAN,Beer,82184205600,355ml,4-Pack,10.49,13.99,2
JACK DANIELS COCA COLA CAN,Beer,82184206874,355ml,4-Pack,10.49,13.99,2
JACK DANIELS GINGER ALE CAN,Beer,82184207215,355ml,4-Pack,10.49,13.99,10
JACK DANIELS CHERRY CAN,Beer,82184208137,355ml,4-Pack,10.49,13.99,0
BECKS BTL 12 PK,Beer,82488123006,12 OZ,12-Pack,14.32,17.99,4
BECKS BTL,Beer,82488123457,12 OZ,6-Pack,8.04,10.32,5
BECKS CAN,Beer,82488123778,16 OZ,,1.33,1.88,21
BECKS NON ALCO. BTL,Beer,82488127004,Non- Alc,6-Pack,7.5,10.32,1
GUINNESS BTL,Beer,83820123937,12 OZ,6-Pack,8.5,11.27,216
RED STRIPE BTL 12 PACK,Beer,83820138948,12 OZ,12-Pack,13.5,16.99,0
GUINNESS FOREIGN EXTRA BTL,Beer,83820181166,12 OZ,4-Pack,7.5,10.32,57
GUINNESS BTL,Beer,83820234800,22 OZ,,2.75,3.66,102
GUINNESS BTL 12 PACK,Beer,83820234824,12 OZ,12-Pack,16.5,20.63,25
RED STRIPE BTL,Beer,83820567939,12 OZ,6-Pack,7,9.36,13
RED STRIPE BTL,Beer,83820567960,24 OZ,,2.29,3.29,2
HAPPY DAD ASSORTED CAN,Beer,84173968060,12 OZ,,1.33,1.41,0
HAPPY DAD HARD SELTZER,Beer,84173968084,12 OZ,12-Pack,16,17.99,0
HIGH NOON VARIETY 8 PACK,Beer,85000031513,12 OZ,8 PACK,16.67,23.99,5
HIGH NOON TROPICAL 8 PACK,Beer,85000032558,12 OZ,8 PACK,19,23.99,0
HIGH NOON PINEAPPLE CAN,Beer,85000034484,700 ML,,4.33,4.99,0
HIGH NOON PEACH CAN,Beer,85000034491,700 ML,,4.33,4.99,9
HIGH NOON ICED TEA 8 PACK,Beer,85000038963,12 OZ,8 PACK,19,23.99,1
LUCKY ONE LEMONADE CAN,Beer,85000040768,12 OZ,8 PACK,21,24.99,3
HIGH NOON GRAPEFRUIT CAN,Beer,85000426272,355ml,4-Pack,8.17,10.99,3
HIGH NOON WATERMELON CAN,Beer,85000429259,355ml,4-Pack,8.17,10.99,11
HIGH NOON PINEAPPLE CAN,Beer,85000429266,355ml,4-Pack,8.17,10.99,8
HIGH NOON BLACKCHERRY CAN,Beer,85000429273,355ml,4-Pack,8.17,10.99,9
HIGH NOON PEACH CAN,Beer,85000431375,355ml,4-Pack,8.17,10.99,11
HIGH NOON MANGO CAN,Beer,85000432327,355ml,4-Pack,8.17,10.99,4
HIGH NOON PASSIONFRUIT CAN,Beer,85000432563,355ml,4-Pack,8.17,10.99,6
SAMUEL PUMPKIN/ PORCH BTL,Beer,87692000044,12 OZ,6-Pack,8.75,11.73,6
ANGRY CRISP APPLE CAN,Beer,87692000839,12 OZ CN,12-Pack,17.5,20.99,0
ANGRY GREEN APPLE BTL,Beer,87692001492,12 OZ,6-Pack,9.12,12.99,9
TWISTED VERIETY PACK,Beer,87692003786,12 OZ,12-Pack,15.5,19.99,0
TWISTED PEACH CAN,Beer,87692004905,24 OZ,Single,2.75,3.76,13
ANGRY ROSE BTL,Beer,87692006602,12 OZ,6-Pack,9.12,12.99,7
ANGRY VERIETY PACK CAN,Beer,87692008217,12 OZ CN,12-Pack,17.5,20.99,1
TWISTED BLACK CHERRY,Beer,87692010753,24 OZ,Single,2.75,3.76,16
SAMUEL GOLDEN BTL,Beer,87692014928,12 OZ,6-Pack,8.75,11.73,0
TWISTED PINEAPPLE CAN,Beer,87692016144,24 OZ,Single,2.75,3.76,9
TWISTED BLUE RAZZ CAN,Beer,87692017820,24 OZ,Single,2.58,3.76,9
SAMUEL JUICY IPA CAN,Beer,87692018186,12 OZ,6-Pack,8.75,12.2,0
ANGRY CRISP IMP.BTL,Beer,87692018728,12 OZ,6-Pack,10.88,13.99,6
WHITE CLAW ASSORTED CAN,Beer,87692020240,12 OZ,,1.21,1.64,-2
TWISTED ROCKET POP CAN,Beer,87692020516,24 OZ,Single,2.58,3.76,12
SUN CRUISER ICED TEA CAN,Beer,87692021926,700 ML,,3.75,4.68,11
SAMUEL BOSTON LAGER BTL,Beer,87692100126,12 OZ,6-Pack,8.75,11.73,5
TWISTED BLUEBERRY CAN,Beer,87692172314,24 OZ,Single,2.58,3.76,3
TWISTED MANGO CAN,Beer,87692212317,24 OZ,Single,2.08,3.76,0
SAMUEL CHERRY BTL,Beer,87692271024,12 OZ,6-Pack,8.75,11.73,5
SAMUEL SUMMER/OCT BTL,Beer,87692300502,12 OZ,6-Pack,8.75,11.73,3
TWISTED HALF & HALF CAN,Beer,87692752318,24 OZ,Single,2.75,3.76,13
ANGRY CRISP APPLE BTL,Beer,87692821021,12 OZ,6-Pack,9.12,12.99,0
TWISTED ORIGINAL CAN,Beer,87692831341,12 OZ,12-Pack,16,19.99,10
TWISTED ORIGINAL CAN,Beer,87692832317,24 OZ,Single,2.58,3.76,14
BLUE MOON MANGO CAN,Beer,87800000713,12 OZ,6-Pack,8.88,11.99,8
SAPPORO PREMIUM CAN,Beer,87975026501,22 OZ,,2.29,2.8,0
THE CLUB LONG ISLAND CAN,Beer,88004043209,200 ML,4-Pack,7.12,9.38,0
THE CLUB MARGARITA CAN,Beer,88004049669,200 ML,4-Pack,7.12,9.38,0
THE CLUB SCREWDRIWER CAN,Beer,88004049683,200 ML,4-Pack,7.12,9.38,1
COSMO MARTINI 750ML,Beer,89708483605,750 ML,,12.99,13.49,-1
TECATE CAN,Beer,89826001422,24 OZ,,1.25,1.61,11
DOS EQUIS RANCH WATER CAN,Beer,89826230624,12 OZ,,1.25,1.41,0
YUENGLING  CAN,Beer,89924600244,24 OZ,,1.63,2.34,0
STIDES CAN,Beer,92000000609,25 OZ,,1.31,1.78,106
STIDES  CAN,Beer,92000000616,16 OZ,,0.7,1.03,4
CRAZY COWBOY,Beer,1300874367,24 OZ,,0.71,1.03,251
BUDWEISER BTL,Beer,184552,18 OZ,,1.1,1.5,48
BUD ICE BTL,Beer,184622,18 OZ,,1.09,1.41,0
MARGARITAVILLE SPIKED LEMONADE,Beer,185032,24 OZ,,1.43,2.34,0
BUD LIGHT ALLU.,Beer,187952,16 OZ,,0.94,1.27,17
SHOCK TOP BELGIAN WHITE 11.2 O,Beer,188672,12 OZ,,1.05,1.64,0
MILLER HIGH LIFE CAN,Beer,340081,32 OZ,,1.42,1.88,53
MILLER LITE CAN,Beer,343551,24 OZ,,1.48,1.88,94
OLD ENGLISH 800 CAN,Beer,346121,24 OZ,,1.39,1.88,13
HENRY'S HARD SODA ORANGE 12OZ,Beer,347951,12 OZ,,1.25,1.64,0
WOLTERS PILSENER CAN,Beer,4079400995175,16 OZ,,0.62,0.84,0
AZ GREEN TEA CAN,Beer,5024700000,12 OZ,6-Pack,7.37,9.38,0
AZ PEACH CAN,Beer,5025800000,12 OZ,6-Pack,7.37,9.38,0
THE CLUB VODKA MARTINI CAN,Beer,5049000000,200 ML,4-Pack,7.12,9.38,0
HEINEKEN CAN,Beer,5103900000,16 OZ,4-Pack,5.17,7.51,0
OLD ENGLISH CAN,Beer,5157900000,16 OZ,6-Pack,4.9,6.1,31
OLD MILWAUKEE CAN,Beer,5159100000,16 OZ,6-Pack,3.75,5.14,15
SHANDY CARIB GINGER BTL,Beer,5186700000,12 OZ,6-Pack,10.25,12.99,2
SHANDY CARIB SORREL BTL,Beer,5186900000,12 OZ,6-Pack,10.25,12.99,8
STELLA ARTOIS CAN,Beer,5203100000,16 OZ,6-Pack,7.38,9.38,4
BUD LIGHT CAN,Beer,5281800000,12 OZ,6-Pack,5.6,7.99,7
BUDWEISER CAN,Beer,5284900000,12 OZ,6-Pack,5.6,7.99,9
MICHELOB ULTRA BTL 12 PACK,Beer,5295400000,12 OZ,,14.18,17.99,2
HEINEKEN ZERO BTL,Beer,5632000000,11.2oz,6-Pack,7.84,10.32,18
COORS LIGHT CAN,Beer,5634600002,12 OZ,30-Pack,28,32.99,2
TWISTED RASPBERRY CAN,Beer,5654100000,24 OZ,Single,2.58,3.76,11
TRULY ASSORTED CAN,Beer,5692100000,12 OZ,,1.25,1.65,0
YUENGLING LAGER BTL,Beer,5718800000,12 OZ,6-Pack,7.16,9.68,8
STELLA ARTOIS CAN,Beer,5746400000,12 OZ,12-Pack,18.08,20.99,2
HIGH NOON TEQUILA SELTZER 8 PK,Beer,5777000000,12 OZ,8 PACK,18.33,23.99,2
HIGH NOON LEMON CAN,Beer,5777100000,355ml,4-Pack,8.17,10.99,12
AZ LEMON ICED TEA CAN,Beer,613008763732,22 OZ,,2.33,3.29,15
AZ GREEN TEA CAN,Beer,613008763749,22 OZ,,2.33,3.29,22
AZ PEACH ICED TEA CAN,Beer,613008763756,22 OZ,,2.33,3.29,10
NEMOS BLUE COLADA BTL,Beer,613008764050,16 OZ,,1.75,2.8,42
NEMOS PINK WATERMELON,Beer,613008764074,16 OZ,,1.75,2.8,16
NEMOS YELLOW MANGO BTL,Beer,613008764098,16 OZ,,1.75,2.8,33
AZ ASSORTED CAN,Beer,613008768478,12 OZ,Single,1.23,1.88,13
AZ SWEET TEA CAN,Beer,613008768799,22 OZ,,2.46,3.29,0
AZ LEMONADE CAN,Beer,613008769826,22 OZ,,2.33,3.29,22
AZ MUCHO MANGO CAN,Beer,613008769888,22 OZ,,2.33,3.29,29
AZ WATERMELON CAN,Beer,613008769918,22 OZ,,2.33,3.29,11
SHANDY CARIB LIME BTL,Beer,633992800367,12 OZ,6-Pack,10.25,12.99,5
WHITE CLAW BLOOD ORANGE CAN,Beer,635985000020,16 OZ,Single,1.44,1.81,-2
WHITE CLAW LIME CAN,Beer,635985025986,12 OZ,6-Pack,8.38,10.99,9
MXD STRAWBERRY DAQ CAN,Beer,635985100362,16 OZ,,1.33,1.87,34
MIKES STRAW PINEAPPLE CAN,Beer,635985132172,24 OZ,,2.42,3.52,3
WHITE CLAW BLACK CHERRY CAN,Beer,635985200253,12 OZ,6-Pack,8.38,10.99,2
WHITE CLAW RUBYRED CAN,Beer,635985200284,12 OZ,6-Pack,8.38,10.99,8
MIKES WATERMELON CAN,Beer,635985200321,24 OZ,,1.92,3.52,0
MIKES VARIETY 12 PACK CAN,Beer,635985260011,12 OZ,12-Pack,15.5,18.99,6
WHITE CLAW RASPBERRY CAN,Beer,635985260660,12 OZ,6-Pack,8.38,10.99,2
MXD ICED TEA CAN,Beer,635985260684,16 OZ,,1.33,1.87,28
MXD MARGARITA CAN,Beer,635985260707,16 OZ,,1.33,1.88,27
WHITE CLAW MANGO CAN,Beer,635985260875,12 OZ,6-Pack,8.38,10.99,5
MXD MAI TAI CAN,Beer,635985260936,16 OZ,,1.33,1.87,35
WHITE CLAW WATERMELON CAN,Beer,635985800347,12 OZ,6-Pack,8.38,10.99,0
MIKES HARDER LEMONADE CAN,Beer,635985800866,24 OZ,,2.58,3.52,9
WHITE CLAW PEACH CAN,Beer,635985801573,12 OZ,6-Pack,8.75,10.99,4
WHITE CLAW BLACKBERRY CAN,Beer,635985801610,12 OZ,6-Pack,8.75,10.99,8
WHITE CLAW BLACK CHERRY CAN,Beer,635985801986,19.2 oz,,2.42,3.29,0
WHITE CLAW WATERMELON CAN,Beer,635985802051,19.2 oz,,2.42,3.29,0
WHITE CLAW SURGE LIME CAN,Beer,635985802099,25 OZ,,2.42,3.29,-2
WHITE CLAW MANGO CAN,Beer,635985802136,19.2 oz,,2.42,3.29,0
WHITE CLAW RUBY GRAPE CAN,Beer,635985802143,19.2 oz,,2.42,3.29,0
WHITE CLAW STRAWBERRY CAN,Beer,635985802150,19.2 oz,,2.42,3.29,0
MIKES HARDER VARIETY 12 PACK CAN,Beer,635985802419,12 OZ,12-Pack,15.5,19.99,4
WHITE CLAW GREEN APPLE CAN,Beer,635985802730,12 OZ,6-Pack,8.75,10.99,5
MIKES LIME FRESCA 12 PACK CAN,Beer,635985802853,12 OZ,12-Pack,15.5,18.99,4
MIKES HURRICANE PUNCH CAN,Beer,635985803096,24 OZ,,2.42,3.52,0
WHITE CLAW GRAPE CAN,Beer,635985803645,12 OZ,6-Pack,8.75,10.99,4
MXD BLACK CHERRY CAN,Beer,635985804246,16 OZ,,1.33,1.87,15
DOGFISH 60 MINUTE BTL,Beer,638489000299,12 OZ,6-Pack,10,12.21,0
DOGFISH 90 MINUTE BTL,Beer,638489003122,12 OZ,6-Pack,11,13.99,0
DRAGON STOUT BTL,Beer,698614021261,12 OZ,6-Pack,8,10.32,26
DRAGON STOUT FIRE BTL,Beer,698614985495,12 OZ,6-Pack,8,10.99,15
PRESIDENTE BTL,Beer,719057001310,12 OZ,6-Pack,7.76,10.32,4
PRESIDENTE BTL,Beer,719057001563,12 OZ,12-Pack,15.6,17.99,1
LAGUNITAS IPA BTL,Beer,723830000094,12 OZ,6-Pack,8.95,11.99,0
LAGUNITAS MAXIMUS BTL,Beer,723830000179,12 OZ,6-Pack,9.76,12.99,0
GOOSE IPA BTL,Beer,736920111327,12 OZ,6-Pack,9.55,11.99,0
GOOSE 312 WHEAT ALE BTL,Beer,736920111822,12 OZ,6-Pack,9.55,11.99,3
XXL SPARKLING ROSE,Beer,763955000098,750 ML,,10,12.99,1
XXL BLACKBERRY CAN,Beer,763955000364,12 OZ,4-Pack,11.33,14.99,14
XXL PINEAPPLE CAN,Beer,763955000371,12 OZ,4-Pack,11.33,14.99,10
XXL MANGO CAN,Beer,763955000388,12 OZ,4-Pack,11.33,14.99,9
STIDES BTL,Beer,7825000024,40 OZ,,1.81,2.58,0
STELLA ARTOIS BTL,Beer,786150000014,11.2oz,6-Pack,9.2,11.73,8
STELLA ARTOIS BTL 12PK,Beer,786150000144,11.2oz,12-Pack,18.4,20.99,2
STELLA ARTOIS BTL,Beer,786150000571,22 OZ,,2.14,2.95,49
STELLA ARTOIS BTL,Beer,786150002223,7 OZ,6-Pack,6.7,8.99,4
FLYING DOG SNAKE DOG BTL,Beer,786243111801,12 OZ,6-Pack,9.12,11.99,-1
FLYING DOG RAGING BITCH BTL,Beer,786243119906,12 OZ,6-Pack,9.12,12.99,6
FLYING DOG THE TRUTH BTL,Beer,786243550143,12 OZ,6-Pack,9.12,12.99,1
FLYING DOG BLOOD ORANGE BTL,Beer,786243550242,12 OZ,6-Pack,9.12,13.99,1
FLYING DOG DOUBLE DOG BTL,Beer,786243560005,12 OZ,6-Pack,11.62,15.99,11
FLYING DOG DOUBLE DOG JUICY BTL,Beer,786243570806,12 OZ,6-Pack,12.12,15.99,0
SIMPLY LEMONADE CAN,Beer,810078780182,12 OZ,6-Pack,7.5,10.32,0
SIMPLY LEMONADE VERIETY 12 PK,Beer,810078780205,12 OZ,12-Pack,15,19.99,2
SIMPLY STRAWBERRY CAN,Beer,810078780625,24 OZ,,2.58,3.52,17
SIMPLY PEACH CAN,Beer,81007878097,24 OZ,,2.47,3.14,0
SIMPLY BOLD LEMONADE CAN,Beer,810078781806,24 OZ,,2.58,3.52,24
SIMPLY CHERRY LIME CAN,Beer,810078781820,24 OZ,,2.58,3.52,11
SIMPLY TROPICAL VERIETY 12 PK,Beer,810078782131,12 OZ,12-Pack,15,19.99,2
CUTWATER LIME MARGARITA CAN,Beer,816751021238,12 OZ,4-Pack,10.77,13.99,104
CUTWATER MAI TAI CAN,Beer,816751021689,12 OZ,4-Pack,10.77,13.99,25
CUTWATER RUM MOHITO CAN,Beer,816751021788,12 OZ,4-Pack,10.83,13.99,-1
CUTWATER LONG ISLAND CAN,Beer,816751021993,12 OZ,4-Pack,10.71,13.99,0
CUTWATER WHITE RUSSIAN CAN,Beer,816751022068,12 OZ,4-Pack,10.83,13.99,0
CUTWATER MANGO MARGARITA CAN,Beer,816751022105,12 OZ,4-Pack,10.83,13.99,79
CUTWATER PEACH CAN,Beer,816751022389,12 OZ,4-Pack,10.83,13.99,0
CUTWATER STRAW MARGARITA CAN,Beer,816751022457,12 OZ,4-Pack,10.83,13.99,10
CUTWATER PINA COLADA CAN,Beer,816751022488,12 OZ,4-Pack,10.83,13.99,0
CUTWATER TIKI RUM PUNCH CAN,Beer,816751022624,12 OZ,4-Pack,10.43,13.99,0
CUTWATER PINEAPPLE CAN,Beer,816751022792,12 OZ,4-Pack,10.83,13.99,0
CUTWATER ESPRESSO CAN,Beer,816751023737,12 OZ,4-Pack,10.43,13.99,0
CUTWATER LEMON DROP CAN,Beer,816751023799,12 OZ,4-Pack,10.77,13.99,154
CUTWATER WHISKEY SOUR,Beer,816751023928,12 OZ,4-Pack,5,9.99,47
CUTWATER PEPPERMINT CAN,Beer,816751023966,12 OZ,4-Pack,10.77,13.99,12
CUTWATER GIN COLLINS CAN,Beer,816751024222,12 OZ,4-Pack,10.83,13.99,10
CUTWATER SPICY MANGO CAN,Beer,816751024284,12 OZ,4-Pack,10.83,13.99,0
BECKS BTL,Beer,824886,22 OZ,,1.98,2.81,34
JD PARTY PACK CAN 12 PK,Beer,840245600166,12 OZ,12-Pack,14,18.99,4
MTN DEW HARD CAN,Beer,840262400015,24 OZ,,2.58,3.52,0
MTN DEW BALA BLAST CAN,Beer,840262400077,24 OZ,,2.58,3.52,0
MTN DEW MIX 12 PACK,Beer,840262400138,12 OZ,12-Pack,15,18.99,1
FOUR LOKO PURPLE CAN,Beer,849806000384,16 OZ,,1.18,1.64,0
FOUR LOKO BLUE CAN,Beer,849806000391,16 OZ,,1.18,1.64,0
FOUR LOKO PINK CAN,Beer,849806000421,16 OZ,,1.18,1.64,0
FOUR LOKO SOUR APPLE,Beer,849806000957,24 OZ,,2.29,3.14,29
FOUR LOKO GOLD,Beer,849806001282,8 OZ,,0.5,2.34,0
FOUR LOKO LEMONADE CAN,Beer,849806003002,24 OZ,,2.29,3.14,15
FOUR LOKO GALATIC PUNCH CAN,Beer,849806004948,24 OZ,,2.29,3.14,16
FOUR LOKO JUNGLE JUICE CAN,Beer,849806005457,24 OZ,,2.29,3.14,42
FOUR LOKO CAMO CAN,Beer,849806005822,24 OZ,,2.29,3.14,0
SURFSIDE ICED TEA VODKA CAN,Beer,850025605212,12 OZ,4-Pack,8.58,10.99,6
SURFSIDE LEMONADE VODKA CAN,Beer,850025605526,12 OZ,4-Pack,8.58,10.99,10
SURFSIDE ICED TEA LEMON CAN,Beer,850025605540,12 OZ,4-Pack,8.58,10.99,1
SURFSIDE BLACK CHERRY CAN,Beer,850025605953,12 OZ,4-Pack,8.58,10.99,4
BIG SIPZ CHOCO MARTINI,Beer,850028324264,200 ML,,2.28,3.05,-1
BIG SIPZ LIME MARGARITA,Beer,850028324714,200 ML,,2.28,3.05,0
BIG SIPZ PINA COLADA,Beer,850028324745,200 ML,,2.28,3.05,3
SNOW MONKEY RTD CAN,Beer,850046355288,200 ML,8 PACK,14.67,19.99,22
SURFSIDE RASPBERRY LEMON CAN,Beer,850050071013,12 OZ,4-Pack,8.58,10.99,5
SURFSIDE STRABERRY LEMON CAN,Beer,850050071235,12 OZ,4-Pack,8.58,10.99,3
SURFSIDE GREEN TEA LEMON CAN,Beer,850050071372,12 OZ,4-Pack,8.58,10.99,10
SPIKED SELTZER LIME CAN,Beer,853897002233,12 OZ,,1.07,1.41,0
SPIKED SELTZER GRAPEFRUIT CAN,Beer,853897002240,12 OZ,,1.07,1.41,0
SPIKED SELTZER CRANBERRY CAN,Beer,853897002264,12 OZ,,1.15,1.41,0
SPIKED SELTZER LEMON CAN,Beer,853897002424,12 OZ,,1.07,1.41,0
PRESTIGE LAGER BTL,Beer,855956000143,12 OZ,24-Pack,28.5,32.99,43
CANTRIP BLACKBERRY CAN,Beer,860009090507,12 OZ,4-Pack,11.5,13.99,3
CANTRIP GINGER PEACH CAN,Beer,860009090514,12 OZ,4-Pack,11.5,13.99,4
CANTRIP LEMON BASIL CAN,Beer,860009090521,12 OZ,4-Pack,11.5,13.99,5
FISHERS ISLAND LEMONADE CAN,Beer,867636000015,12 OZ,,3.16,3.75,-2
COORS LIGHT CAN,Beer,878403,8 OZ,,3.25,4.69,0
FOUR LOKO FRUIT PUNCH CAN,Beer,895216001046,24 OZ,,2.29,3.14,18
FOUR LOKO GRAPE,Beer,895216001053,24 OZ,,1,3.14,0
FOUR LOKO PEACH CAN,Beer,895216001060,24 OZ,,2.29,3.14,15
EARTHQUAKE HG LAGER 24OZ,Beer,895216001091,24 OZ,,1.23,1.64,0
FOUR LOKO STRAWBERRY CAN,Beer,895216001497,24 OZ,,2.29,3.14,25
STIDES BERRY BTL,Beer,920410,22 OZ,,1.91,2.57,0
STIDES MIX FRUIT BTL,Beer,920430,22 OZ,,1.91,2.57,1
STIDES PASSION BTL,Beer,920440,22 OZ,,1.91,2.57,0
PAUL MASSON PEACH,Brandy,21296620048,1.75 LT,,19.99,22.99,4
PAUL MASSON APPLE,Brandy,21296620277,750 ML,,8.84,11.99,4
PAUL MASSON APPLE,Brandy,21296620291,1.75 LT,,19.09,22.99,0
PAUL MASSON MANGO,Brandy,21296620376,750 ML,,8.59,11.99,0
PAUL MASSON MANGO,Brandy,21296620390,1.75 LT,,19.99,22.99,2
LEROUX BLACK BERRY 750 ML,Brandy,80686097402,750 ML,,8.49,8.99,0
LEROUX BLACKBERRY BRANDY 200 M,Brandy,80686097709,200 ML,,3.19,4.2,0
LEROUX ROCK & ROY 1 LTR,Brandy,80686099208,1 LT,,9.49,10.99,0
LEROUX ROCK & RYE  200ML,Brandy,80686099703,1 LT,,2.29,4.25,0
RAYNAL VSOP,Brandy,83664869794,1 LT,Single,19.09,29.99,0
E&J VSOP,Brandy,85000003794,200 ML,,3.13,4.92,41
E&J VSOP,Brandy,85000003817,750 ML,,11.18,13.99,3
E&J VSOP,Brandy,85000003824,1 LT,,14.01,17.99,12
E&J VSOP,Brandy,85000003831,375 ML,,5.34,7.97,37
E&J VSOP,Brandy,85000003930,1.75 LT,,22.01,25.99,3
E&J XO,Brandy,85000009154,750 ML,,12.01,14.99,6
E&J XO,Brandy,85000009208,375 ML,,5.39,7.97,18
E&J XO,Brandy,85000009253,200 ML,,3.2,4.92,3
E&J APPLE,Brandy,85000024003,50 ML,,0.71,1.17,142
E&J APPLE,Brandy,85000024027,200 ML,,2.9,4.92,14
E&J APPLE,Brandy,85000024034,375 ML,,5.01,7.97,24
E&J APPLE,Brandy,85000024041,750 ML,,10.01,12.99,11
E&J APPLE,Brandy,85000024065,1.75 LT,,21.09,24.99,6
E&J PEACH,Brandy,85000024072,50 ML,,0.71,1.17,16
E&J PEACH,Brandy,85000024102,375 ML,,5.01,7.97,16
E&J PEACH,Brandy,85000024119,750 ML,,10.01,12.99,4
E&J VANILLA,Brandy,85000025734,200 ML,,2.9,4.92,17
E&J VANILLA,Brandy,85000025741,375 ML,,5.01,7.97,26
E&J VANILLA,Brandy,85000025758,750 ML,,10.01,12.99,7
MOHAWK BLACKBERRY 375ML,Brandy,85916016765,375 ML,,4.49,5.15,0
MOHALK APRICOT,Brandy,85916050332,1 LT,,11.39,12.99,0
MOHAWK APRICOT BRANDY 750ML,Brandy,85916050417,750 ML,,7.55,9.35,0
MOHWAK BLACKBERRY BRANDY 750 M,Brandy,85916050745,750 ML,,9.34,9.49,0
MOHAWK PEACH BRANDY 750ML,Brandy,85916051407,750 ML,,9.34,10.99,0
MOHAWK PEPPERMINT SCHNAPPS 750,Brandy,85916053142,750 ML,,9.34,10.99,0
MOHAWK ROCK & RYE 750ML,Brandy,85916058352,750 ML,,9.34,10.99,0
MOHAWK ANISETTE 750ML,Brandy,85916061482,750 ML,,9.34,10.99,0
CHRISTIAN BROTHERS VS 50ML,Brandy,86036100198,50 ML,,0.68,0.93,0
CHRISTIAN BROTHERS VSOP 375ML,Brandy,86036710939,375 ML,,4.22,7.5,0
CHRISTIAN BROTHERS VSOP,Brandy,86036710946,750 ML,,10.99,14.99,0
CHRISTIAN BROTHERS VS,Brandy,86036815597,750 ML,,10.39,14.99,12
CHRISTIAN BROTHERS VS,Brandy,86036815672,375 ML,,4.99,7.51,0
CHRISTIAN BROTHERS VS 100 ML,Brandy,86036815689,100 ML,,1.69,1.86,0
CHRISTIAN BROTHERS VS 200ML,Brandy,86036815702,200 ML,,2.99,4.5,0
CHRISTIAN BROTHERS VS WHITE 20,Brandy,86036860641,200 ML,,2.53,3.75,0
CHRISTIAN BROTHERS HONEY  375M,Brandy,86036862799,375 ML,,4.5,6.55,0
LEROUX BLACKBERRY,Brandy,87116007604,50 ML,,0.99,1.26,56
LEROUX BLACK BERRY,Brandy,87116007703,375 ML,,5.6,7.48,9
ST REMY VSOP BRANDY 750 ML,Brandy,87236992002,750 ML,,8,11.99,0
ST REMY VSOP BRANDY 200 ML,Brandy,87236992026,200 ML,,2.69,4.49,0
ST REMY VSOP BRANDY 375 ML,Brandy,87236992033,375 ML,,5.99,6.49,0
KING WILLIAM IV V.S.P.,Brandy,87512115170,375 ML,,11.09,11.99,0
PAUL MASSON VS,Brandy,88004045357,50 ML,,0.67,1.17,349
PAUL MASSON RED BERRY,Brandy,88004045364,50 ML,,0.69,1.17,106
PAUL MASSON VSOP,Brandy,88004045494,375 ML,,4.68,7.51,25
PAUL MASSON VSOP,Brandy,88004045517,200 ML,,2.85,4.91,15
PAUL MASSON PEACH,Brandy,88004045623,750 ML,,8.84,11.99,4
PAUL MASSON PEACH,Brandy,88004045647,375 ML,,4.68,7.5,29
PAUL MASSON PEACH,Brandy,88004045654,200 ML,,2.85,4.68,16
PAUL MASSON PEACH,Brandy,88004045661,100 ML,,1.32,2.11,0
PAUL MASSON PINEAPPLE,Brandy,88004045678,1.75 LT,,19.99,22.99,3
PAUL MASSON PINEAPPLE,Brandy,88004045685,750 ML,,8.84,11.99,3
PAUL MASSON RED BERRY,Brandy,88004045715,1.75 LT,,19.99,22.99,4
PAUL MASSON VS,Brandy,88004045753,1.75 LT,,19.99,24.99,8
PAUL MASSON VS,Brandy,88004045760,1 LT,,12.51,16.99,11
PAUL MASSON VS,Brandy,88004045777,750 ML,,8.84,11.99,1
PAUL MASSON VS,Brandy,88004045807,200 ML,,2.85,4.68,4
PAUL MASSON VS,Brandy,88004045814,100 ML,,1.32,2.11,15
PAUL MASSON ASSORTED,Brandy,88004055677,375 ML,,4.68,7.51,0
HIRAMWALKER COFFEE 200ML,Brandy,89540123578,200 ML,,2.99,3.49,0
HIRAMWALKER ANISETTER 1 LTR,Brandy,89540125305,1 LT,,16.09,16.59,1
HIRAM WALKER CHERRY BRANDY 750,Brandy,89540125534,750 ML,,10.59,11.99,0
HIRAM WALKER PEACH BRANDY 750M,Brandy,89540125565,750 ML,,10.59,11.99,0
HIRAMWALKER COFFEE,Brandy,8954012583,1 LT,,10.59,11.99,0
VSQ CORONET  200ML,Brandy,96749354108,200 ML,,2.99,3.49,0
CORNET VSQ BRANDY 80 PROOF 375,Brandy,96749354603,375 ML,,4.79,5.14,0
MOHAWK BLACKBERRY 200 ML,Brandy,96749907984,200 ML,,2.59,2.8,0
PAUL MASSON VS,Brandy,2129600606,375 ML,,4.68,7.5,13
PAUL MASSON VSOP,Brandy,2129600630,750 ML,,9.69,12.99,0
E&J VANILLA,Brandy,5269200000,50 ML,,0.71,1.17,110
SWEET BITCH MANGO BRANDY,Brandy,607054190345,750 ML,,13,13.99,3
XXL MANGO GUAVA BRANDY,Brandy,764227188247,750 ML,,18.67,20.99,0
ODESSA VSOP,Brandy,82000943505,750 ML,Single,7.49,9.99,0
CIROC VS,Brandy,825740,375 ML,,18.09,21.99,6
E&J VSOP,Brandy,851080,100 ML,,1.8,2.57,20
E&J VS,Brandy,853400,50 ML,,0.71,1.17,153
E&J VSOP,Brandy,853860,50 ML,,0.71,1.17,86
E&J VS,Brandy,854130,750 ML,,10.01,12.99,6
E&J VS,Brandy,854150,1.75 LT,,21.01,25.99,2
E&J VS,Brandy,854180,1 LT,,13.01,16.99,3
E&J VS,Brandy,854210,200 ML,,2.9,4.92,16
E&J VS,Brandy,854260,375 ML,,5.01,7.97,17
E&J XO,Brandy,859110,50 ML,,0.99,1.17,128
PAUL MASSON PEACH,Brandy,8800404538,50 ML,,0.74,1.17,57
FRIZECCO WINE,Champagne,10086104141,750 ML,Single,7.99,8.99,0
MARTINI & ROSSI ROSE,Champagne,11034503825,750 ML,,9.09,11.99,0
ANNA BRUT ROSE GIFT SET,Champagne,12976991091,750 ML,,15.5,21.99,0
BAREFOOT BUBBLY EXTRA DRY,Champagne,18341751253,750 ML,,9.01,9.99,1
SEGURA VIUDAS ARIA BRUT CAVA 7,Champagne,33293660002,750 ML,,8.09,11.99,0
CAFE DE PARIS,Champagne,80432392010,750 ML,Single,1.25,2.8,0
CRANELAKE BRUT,Champagne,81054394246,750 ML,Single,5.09,9.99,0
J.ROGET EXTRA DRY,Champagne,8139290,750 ML,,5.67,7.99,10
MOET ICE IMPERIAL,Champagne,81753818029,750 ML,,64.09,69.99,7
DOM PERIGNEN,Champagne,81753818432,750 ML,,210,215,0
J.ROGET BRUT,Champagne,8209618,750 ML,,5.67,7.99,10
J.ROGET BRUT,Champagne,8211312,1.5 LT,,9.99,12.99,5
NANDO FRAGOLINO,Champagne,82860308342,750 ML,,8.09,11.99,12
NANDO ASTI SPUMANTE,Champagne,82860308540,750 ML,,10,13.99,12
NANDO MOSCATO,Champagne,82860309448,750 ML,,9.08,11.99,12
J.ROGET EXTRA DRY,Champagne,8298816,1.5 LT,,9.99,12.99,5
COOK BRUT,Champagne,835804047211,750 ML,Single,8.09,9.99,0
COOK SWEET,Champagne,83804047167,750 ML,Single,8.09,9.99,0
COOK SPARKLING,Champagne,83804321090,750 ML,Single,8.09,9.99,0
POEMA BRUT ROSE,Champagne,84692512300,750 ML,,12.99,16.99,12
POEMA DULCE,Champagne,84692627905,750 ML,,12.99,16.99,11
KORBEL BRUT,Champagne,84704091328,750 ML,,12.99,16.99,5
KORBEL EXTRA DRY,Champagne,84704091472,750 ML,,14,16.99,1
KORBEL BRUT ROSE,Champagne,84704091878,750 ML,,13,16.99,0
KORBEL SWEET ROSE,Champagne,84704097979,750 ML,,12,16.99,0
KORBEL SWEET CUVEE,Champagne,84704098044,750 ML,,12.99,16.99,9
ANDRE BRUT,Champagne,85000007433,750 ML,,7.01,9.38,11
ANDRE EXTRA DRY,Champagne,85000007488,750 ML,,7.01,9.38,10
ANDRE PINK MOSCATO,Champagne,85000022276,750 ML,,7.01,9.38,2
ANDRE BRUT ROSE,Champagne,85000025246,750 ML,,7.01,9.38,9
DOMAINE CHANDON BLANC DE NOIR,Champagne,85155000037,750 ML,,17.09,17.99,0
CHANDON BRUT CLASSIC 187ML,Champagne,85155001010,187 ML,,6.09,7.99,0
ROSCATO PROSECCO,Champagne,86785212586,750 ML,,12.09,14.99,0
PERRIER-JOUET GRAND BRUT 750 M,Champagne,87000300101,750 ML,,36.33,37.99,0
MOET NECTAR IMPERIAL ROSE,Champagne,88076161658,750 ML,,52.09,59.99,5
MOET IMPERIAL BRUT,Champagne,88110551056,750 ML,,41.09,51.99,0
MOET BRUT IMPERIAL ROSE,Champagne,88110552404,750 ML,,52.79,62.99,7
DOM PERIGNON 2002 750 ML,Champagne,88110554057,750 ML,,156.09,249.99,0
ARMAND DE BRIGNAC 750ML,Champagne,123456,750 ML,,259.09,299.99,0
MOET ROSE EMPIRIAL 750 ML,Champagne,3185370061503,750 ML,,59.09,69.99,0
JADE ROSE,Champagne,4842239000101,750 ML,,9.33,11.99,0
JADE MOSCATO,Champagne,4842239000125,750 ML,,9.33,11.99,0
DOM PERIGNON VINTAGE,Champagne,5299700000,750 ML,,167.09,199.99,0
VEUVE ICE ROSE,Champagne,810885011226,750 ML,,14.97,19.99,4
BELAIRE PINK,Champagne,813497004303,375 ML,,16.67,17.99,0
BELAIRE LUC PINK,Champagne,813497004310,750 ML,,26.5,27.99,36
BELAIRE WHITE,Champagne,813497005003,375 ML,,16.67,17.99,2
BELAIRE WHITE,Champagne,813497005010,750 ML,,26.5,27.99,18
BELAIRE ROSE,Champagne,813497005904,750 ML,,26.5,27.99,13
BELAIRE GOLD,Champagne,813497007038,750 ML,,26.5,27.99,5
BELAIRE BLUE,Champagne,813497007809,750 ML,,26.5,27.99,2
ANDRE BLUSH PINK,Champagne,857490,750 ML,,5.09,7.99,0
DAILYS FRUIT MIXERS,COCKTAILS,74806000489,1 LT,,6.09,9.99,0
DAILYS FROZEN MARGARITA,COCKTAILS,74806184103,10 OZ,,1.6,2.35,24
DAILYS FROZEN STRAWBERRY DAIQU,COCKTAILS,74806184202,10 OZ,,1.6,2.35,1
DAILYS FROZEN PINA COLADA,COCKTAILS,74806184400,10 OZ,,1.6,2.35,9
DAILYS FROZEN BLUE HAWAIAN,COCKTAILS,74806186107,10 OZ,,1.6,2.35,13
DAILYS FROZEN BAHAMA MAMA,COCKTAILS,74806186398,10 OZ,,1.6,2.35,25
DAILYS FROZEN FIREWORKS,COCKTAILS,74806186602,10 OZ,,1.6,2.35,25
DAILYS FROZEN JAMAICAN SMILE,COCKTAILS,74806189405,10 OZ,,1.6,2.35,22
DAILYS POPTAILS,COCKTAILS,74806198001,Frozen,,0.75,1.41,4
DAILYS FROZEN WHITE CHOCO,COCKTAILS,74806918609,10 OZ,,1.6,1.65,0
DAILYS FROZEN PEACH SMASH,COCKTAILS,74806918982,10 OZ,,1.6,2.35,11
ALTOS CLASSIC LIME MARGARITA,COCKTAILS,80432000212,750 ML,,13.09,16.99,3
ALTOS STRAWBERRY MARGARITA,COCKTAILS,80432000533,750 ML,,13.09,16.99,4
BACARDI ZOMBIE 750 ML,COCKTAILS,80480806163,750 ML,,15.09,16.99,0
BACARDI RUM RUNNER 750ML,COCKTAILS,80480806194,750 ML,,11.09,16.99,0
BACARDI RUM PUNCH,COCKTAILS,80480985479,750 ML,,10.09,12.99,0
BACARDI BAHAMA MAMA,COCKTAILS,80480985486,750 ML,,9.09,12.99,0
BACARDI ZOMBIE,COCKTAILS,80480985493,750 ML,,10.09,12.99,7
BACARDI HURRICANE,COCKTAILS,80480985509,750 ML,,10.09,12.99,0
BACARDI RUM PUNCH,COCKTAILS,80480985585,1.75 LT,,17.09,22.99,2
BACARDI ZOMBIE,COCKTAILS,80480985608,1.75 LT,,17.09,22.99,4
BACARDI PINEAPPLE MAI TAI,COCKTAILS,80480986346,750 ML,,9.09,12.99,1
ON THE ROCK MIDORI SOUR,COCKTAILS,80686004561,375 ML,,8.67,11.99,0
ON THE ROCK STRAWBERRY,COCKTAILS,80686007241,375 ML,,8.67,11.99,9
ON THE ROCK STRAWBERRY,COCKTAILS,80686007289,750 ML,,19.09,19.99,0
ON THE ROCK COSMOPOLITAN,COCKTAILS,80686008088,375 ML,,8.67,11.99,2
ON THE ROCK LEMON DROP,COCKTAILS,80686008934,375 ML,,8.67,11.99,7
ON THE ROCKBLUE HAWAIAN,COCKTAILS,80686012610,750 ML,,19.09,19.99,18
TRULY STRAWBERRY LEMON,COCKTAILS,80686896166,1.75 LT,,7,10.99,7
TRULY WILD BERRY,COCKTAILS,80686896173,1.75 LT,,7,10.99,4
TRULY PINEAPPLE MANGO,COCKTAILS,80686896180,1.75 LT,,7,10.99,6
ON THE ROCK OLD FASHIONED,COCKTAILS,80686897156,750 ML,,19.09,19.99,0
ON THE ROCK COSMOPOLITAN,COCKTAILS,80686897163,750 ML,,19.09,19.99,0
ON THE ROCK MARGARITA,COCKTAILS,80686897170,750 ML,,19.09,19.99,0
KETEL ONE LEMON DROP,COCKTAILS,82000809838,375 ML,,9.99,12.99,5
MI CAMPO MANGO MULE,COCKTAILS,86003272040,375 ML,,9.29,12.99,1
MI CAMPO SPICY JALAPENO,COCKTAILS,86003272057,375 ML,,9.29,12.99,3
TANQUERAY NEGRONI,COCKTAILS,88076188624,375 ML,,9.99,12.99,0
TANQUERAY NEGRONI,COCKTAILS,88076188631,750 ML,,18.99,23.99,1
KETEL ONE LEMON DROP,COCKTAILS,88076188679,750 ML,,18.99,24.99,6
JINRO GREEN APPLE,COCKTAILS,605779976084,375 ML,,5.39,7.99,17
JINRO STRAWBERRY,COCKTAILS,605779976251,375 ML,,5.39,7.99,9
JINRO PEACH,COCKTAILS,605779976459,375 ML,,5.39,7.99,12
JINRO GRAPEFRUIT,COCKTAILS,712166833278,375 ML,,6.49,7.99,1
DAILYS FORZEN LEMONADE,COCKTAILS,74806184707,10 OZ,,1.41,1.87,0
MINUTE MAID LIME MARGARITA,COCKTAILS,810078781479,1.75 LT,,7.49,9.99,11
MINUTE MAID PINA COLADA,COCKTAILS,810078781493,1.75 LT,,7.49,9.99,18
MINUTE MAID STRAWBERRY,COCKTAILS,810078781516,1.75 LT,,7.49,9.99,0
JOSE CUERVO MANGO,COCKTAILS,811538011013,1.75 LT,,14.75,17.99,0
JOSE CUERVO STRAWBERRY,COCKTAILS,811538011037,1.75 LT,,14.75,17.99,0
JOSE CUERVO WATERMELON,COCKTAILS,811538011044,1.75 LT,,14.75,17.99,0
JOSE CUERVO GRAPEFRUIT,COCKTAILS,811538011068,1.75 LT,,14.75,17.99,2
JOSE CUERVO PINE COCONUT,COCKTAILS,811538012836,1.75 LT,,14.75,17.99,2
JOSE CUERVO PINK LEMON,COCKTAILS,811538013765,1.75 LT,,14.75,17.99,0
1800 ULTIMATE RASPBERRY,COCKTAILS,811538013819,1.75 LT,,16.39,21.99,0
1800 ULTIMATE WATERMELON,COCKTAILS,811538016445,1.75 LT,,16.39,21.99,0
1800 ULTIMATE BLACK CHERRY,COCKTAILS,818844021415,1.75 LT,,16.39,21.99,1
JOSE CUERVO SELTZER BLACK CHERRY,COCKTAILS,818844021507,355ml,,2.25,2.81,0
JOSE CUERVO SELTZER MANGO,COCKTAILS,818844021521,355ml,,2.25,2.81,0
JOSE CUERVO PEACH LEMON,COCKTAILS,818844022993,1.75 LT,,14.75,17.99,1
1800 ULTIMATE MARGARITA,COCKTAILS,818844023143,1.75 LT,,16.39,21.99,6
1800 ULTIMATE PEACH,COCKTAILS,818844023150,1.75 LT,,16.39,21.99,4
1800 ULTIMATE MANGO,COCKTAILS,818844023174,1.75 LT,,16.39,21.99,2
1800 ULTIMATE PASSION FRUIT,COCKTAILS,818844024911,1.75 LT,,16.39,21.99,0
GLORIA BLUEBERRY,COCKTAILS,850012571919,750 ML,,7,9.99,6
BUZZBALL PASSIONFRUIT,COCKTAILS,850042638286,187 ML,,2.29,3.05,2
GLORIA LEMON DROP,COCKTAILS,850056077194,1.5 LT,,11.33,14.99,2
BUZZBALL CHILI MANGO,COCKTAILS,851091006187,1.75 LT,,16.09,20.99,1
BUZZBALL WITCHS POTION,COCKTAILS,851091006194,1.75 LT,,16.09,20.99,3
BUZZBALL LIME RITA,COCKTAILS,851091006200,1.75 LT,,16.09,20.99,2
BUZZBALL STRAWBERRY RITA,COCKTAILS,851091006217,1.75 LT,,16.09,20.99,1
BUZZBALL BERRY CHERRY,COCKTAILS,851091006347,1.75 LT,,16.09,20.99,0
BUZZBALLZ STRAWBERRY RITA,COCKTAILS,851091006682,1.75 LT,,16.09,20.99,1
BUZZTALLZ RUBY RED GRAPE,COCKTAILS,854530008124,375 ML,,1,1.41,53
BUZZBALLZ PEACH CHILLER,COCKTAILS,855200005283,187 ML,,2.29,3.05,17
BUZZBALLZ GRAPES GONE WILD,COCKTAILS,855200005528,187 ML,,2.29,3.05,22
BUZZBALLZ WATERMELON,COCKTAILS,855200005542,187 ML,,2.29,3.05,24
BUZZBALLZ PINEAPPLE JALAPENI,COCKTAILS,855200005702,187 ML,,2.29,3.05,18
ON THE ROCK JALAPENO PINEAPPLE,COCKTAILS,855880008086,375 ML,,8.67,11.99,1
ON THE ROCK MARGARITA,COCKTAILS,855880008116,375 ML,,8.67,11.99,7
ON THE ROCK MAI TAI,COCKTAILS,855880008147,375 ML,,8.67,11.99,0
ON THE ROCK AVIATION,COCKTAILS,855880008178,375 ML,,8.67,11.99,1
ON THE ROCK MANHATTAN,COCKTAILS,855880008369,375 ML,,8.67,11.99,0
ON THE ROCK DAIQUIRI,COCKTAILS,855880008390,375 ML,,8.67,11.99,0
ON THE ROCK MARTINI,COCKTAILS,855880008420,375 ML,,8.67,11.99,1
ON THE ROCK WHITE NEGRONI,COCKTAILS,85588000845,375 ML,,3.5,5.99,171
BUZZBALLZ CRANBERRY,COCKTAILS,857641002104,187 ML,,2.29,3.05,21
BUZZBALLZ LIME RITA,COCKTAILS,857641002142,187 ML,,2.29,3.05,37
BUZZBALLZ PINEAPPLE COLADA,COCKTAILS,857641002296,187 ML,,2.29,3.05,13
BUZZBALLZ STRAWBERRY RITA,COCKTAILS,857641002654,187 ML,,2.29,3.05,12
BUZZBALL CHILI MANGO,COCKTAILS,857674007886,187 ML,,2.29,3.05,8
BUZZBALLZ EGGNOG,COCKTAILS,857674007909,187 ML,,2.29,3.05,9
BUZZBALLZ ESPRESSO MARTINI,COCKTAILS,857674007947,187 ML,,2.29,3.05,18
BUZZBALLZ BERRY CHERRY,COCKTAILS,857674007985,187 ML,,2.29,3.05,11
GLORIA PEACH,COCKTAILS,860000183147,750 ML,,7,9.99,11
GLORIA MANGO,COCKTAILS,860001022704,750 ML,,7,9.99,7
GLORIA PEACH,COCKTAILS,860001022711,1.5 LT,,11.33,14.99,4
GLORIA WATERMELON,COCKTAILS,860001438420,750 ML,,7,9.99,11
GLORIA WATERMELON,COCKTAILS,860001885781,1.5 LT,,11.33,14.99,-1
GLORIA CLASSIC LIME,COCKTAILS,861518002609,750 ML,,7,9.99,9
GLORIA MANGO,COCKTAILS,861518002623,1.5 LT,,11.33,14.99,3
GLORIA STRAWBERRY,COCKTAILS,861518002630,750 ML,,7,9.99,1
GLORIA CLASSIC LIME,COCKTAILS,861518002647,1.5 LT,,11.33,14.99,2
GLORIA STRAWBERRY,COCKTAILS,861518002654,1.5 LT,,11.33,14.99,1
1800 ULTIMATE PINEAPPLE,COCKTAILS,88440231,1.75 LT,,16.39,21.99,0
THE MIXOLOGY ESPRESSO,COCKTAILS,9340522000241,375 ML,,2,5.99,46
THE MIXOLOGY OLD FASHIONED,COCKTAILS,9340522000258,375 ML,,2,5.99,17
THE MIXOLOGY NEGRONI,COCKTAILS,9340522000265,375 ML,,2,5.99,6
THE MIXOLOGY MARGARITA,COCKTAILS,9340522000272,375 ML,,2,5.99,68
THE MIXOLOGY AMARETTO,COCKTAILS,9340522000289,375 ML,,2,5.99,9
THE MIXOLOGY MOJITO,COCKTAILS,9340522000296,375 ML,,2,5.99,99
THE MIXOLOGY COSMOPOLITAN,COCKTAILS,9340522000302,375 ML,,2,5.99,28
LOUIS ROYER COGNAC,Cognac,38075913307,750 ML,,32,37.99,0
MARTELL VS,Cognac,80432111437,50 ML,,1.86,2.81,30
MARTELL VS,Cognac,80432400777,200 ML,,8.7,11.99,0
MARTELL VS,Cognac,80432400784,375 ML,,18.09,23.99,6
MARTELL VS,Cognac,80432400814,750 ML,,32.09,39.99,1
DUSSE,Cognac,80480002923,750 ML,,41.09,49.99,0
DUSSE,Cognac,80480002930,375 ML,,21.09,27.99,36
DUSSE COGNAC,Cognac,80480983192,200 ML,,14.09,18.99,3
COURVOISIER VS,Cognac,80686961024,1.75 LT,,59.09,69.99,5
COURVOISIER VS,Cognac,80686961086,375 ML,,14.59,18.99,15
COURVOISIER VS,Cognac,80686961475,750 ML,,29.09,37.99,8
COURVOISIER VSOP,Cognac,80686962083,375 ML,,17.69,19.99,0
COURVOISIER VSOP 200ML,Cognac,80686962106,200 ML,,9.09,11.99,0
HENNESSY XO,Cognac,81753839901,750 ML,,155.99,179.99,2
HENNESSY VSOP,Cognac,81753840167,750 ML,,46.49,59.99,4
HENNESSY VS,Cognac,81753840587,750 ML,,37.09,42.99,17
HENNESSY CARNIVAL,Cognac,81753841119,700 ML,,31.59,38.99,13
ALIZE COGNAC VS,Cognac,84692153008,750 ML,,23.79,29.99,0
MARTELL  VS  1 LITER,Cognac,87000550018,1 LT,,35.09,42.99,0
REMY MARTIN VSOP,Cognac,87236001131,200 ML,,14.09,16.99,75
REMY MARTIN VSOP,Cognac,87236001209,1.75 LT,,110.09,124.99,2
REMY MARTIN VSOP,Cognac,87236001247,375 ML,,24.09,29.99,24
REMY MARTIN VSOP,Cognac,87236002145,100 ML,,10.34,12.99,0
REMY MARTIN 1738,Cognac,87236002411,200 ML,,16.09,20.99,6
REMY MARTIN 1738,Cognac,87236002831,375 ML,,28.09,35.99,11
REMY MARTIN 1738,Cognac,87236004422,750 ML,,57.08,67.99,2
HENNESSY VS,Cognac,88110150501,50 ML,,4.38,6.1,11
HENNESSY VS,Cognac,88110150525,200 ML,,8.75,12.99,15
HENNESSY VS,Cognac,88110150563,1 LT,,44.49,54.99,9
HENNESSY VS,Cognac,88110150587,1.75 LT,,69.09,79.99,7
HENNESSY VS,Cognac,88110150617,100 ML,,6.59,9.99,40
HENNESSY VS,Cognac,88110150631,375 ML,,18.09,22.99,100
HENNESSY VSOP,Cognac,88110151034,375 ML,,23.5,30.99,15
HENNESSY VSOP,Cognac,88110151102,200 ML,,15,20.99,2
GOLDEN BALL VS,Cognac,3760175132759,1 LT,,74.33,89.99,0
COURVOISIER VS 50ML,Cognac,8068696207,50 ML,,3.29,4.25,0
COURVOISIER VS,Cognac,810118070044,200 ML,,7.59,10.99,19
DELAMAIN XO,Cognac,8469215054,750 ML,,95,99.99,2
PATOU VS,Cognac,853936007144,50 ML,,2.33,3.29,0
PATOU VS,Cognac,853936007182,200 ML,,7.17,10.32,34
PATOU VS,Cognac,853936007199,375 ML,,11.17,14.99,39
PATOU VS,Cognac,858962004570,750 ML,,19.67,27.99,21
REMY MARTIN VSOP,Cognac,8723600420,750 ML,,41.09,49.99,49
SEAGRAMS EXTRA DRY GIN,Gin,80432000014,200 ML,,3.66,5.16,16
SEAGRAMS EXTRA DRY GIN,Gin,80432000175,375 ML,,7.09,9.38,4
SEAGRAMS RASPBERRY 375 ML,Gin,80432104477,375 ML,,5.1,8.25,0
SEAGRAMS EXTRA DRY GIN,Gin,80432400012,50 ML,,0.93,1.17,95
SEAGRAMS EXTRA DRY GIN,Gin,80432401231,750 ML,,14.09,17.99,5
SEAGRAMS EXTRA DRY GIN,Gin,80432401262,1.75 LT,,23.09,27.99,6
SEAGRAMS LIME TWISTED 100ML,Gin,80432401545,100 ML,,1.99,3,0
SEAGRAMS LIME TWISTED GIN,Gin,80432401583,375 ML,,5.79,7.74,0
SEAGRAMS LIMES TWISTED GIN,Gin,80432401644,1.75 LT,,16.49,21.99,0
SEAGRAMS RUBY RED 200 ML,Gin,80432403464,200 ML,,2.39,4.5,0
BOMBAY DRY GIN,Gin,80480300012,1 LT,Single,25.59,31.99,0
BOMBAY SAPPHIRE DRY GIN,Gin,80480301132,375 ML,,7.99,10.99,11
BOMBAY GIN,Gin,8048840,50 ML,,1,1.64,0
LEROUX SLOE GIN 1 LTR,Gin,80686136200,1 LT,,9.49,10.99,0
INDOGGO STRAWBERRY GIN,Gin,84279004846,50 ML,,0.33,0.94,0
LAIRDS GIN,Gin,84848401106,1.75 LT,,12.89,16.99,7
LAIRDS GIN,Gin,84848401205,1 LT,,7.59,11.99,13
LAIRDS GIN,Gin,84848401304,750 ML,,6.65,8.99,14
LAIRDS GIN,Gin,84848401502,200 ML,,1.92,2.58,66
LAIRDS GIN,Gin,84848401908,375 ML,,3.29,4.21,0
BENTLEYS GIN,Gin,85232228101,1 LT,Single,7.79,12.99,0
TRAVELERS GIN,Gin,85232238001,750 ML,,4.67,6.99,15
TANQUERAY GIN 200ML,Gin,88110110109,200 ML,,7.59,7.69,0
TANQUERAY GIN,Gin,88110110307,750 ML,,21.09,25.99,1
TANQUERAY DRY GIN 1.75LTR,Gin,88110110505,1.75 LT,,37.09,37.59,0
TANQUERAY GIN,Gin,88110110642,375 ML,,7.68,10.99,24
TANQUERAY MALACCA 750ML,Gin,88110116019,750 ML,,27.6,27.99,0
TANQUERAY GIN,Gin,8950000,50 ML,Single,0.67,0.93,0
BEEFEATER DRY GIN,Gin,8954033352,200 ML,Single,3.09,3.99,0
MCQUEEN AND THE VIOLET FOG GIN,Gin,5643400000,750 ML,,31,32,0
SVEDKA GIN,Gin,617768301753,750 ML,,3.33,9.99,1
SVEDKA STRAWBERRY PINEAPPLE,Gin,617768321751,750 ML,,3.33,6.99,34
BOMBAY SAPPHIRE DRY GIN,Gin,8048030001,750 ML,,22.09,27.99,1
GARYS GOOD GIN,Gin,850947003288,1.75 LT,,12.75,14.99,2
GARYS GOOD GIN,Gin,850947003301,375 ML,,4,5.4,17
BLACK BUTTON GIN,Gin,854572005013,750 ML,,6,8.99,0
GORDONS DRY GIN  1 LITER,Gin,886013,1 LT,,15.09,15.49,0
GORDONS DRY GIN  750ML,Gin,886023,750 ML,,12.09,14.99,0
GORDONS DRY GIN  200 ML,Gin,886043,200 ML,,4.19,4.21,0
GORDONS DRY GIN 375 ML,Gin,886063,375 ML,,7.09,7.99,0
ARIZONA SWEET TEA,Soda,613008751210,20 OZ,,0.66,1,24
ARIZONA PINEAPPLE,Soda,613008756659,20 OZ,,0.66,1,22
LICOR 43,Liquor,29929115091,375 ML,Single,19.09,24.99,0
DISARONNO ORIGINALE,Liquor,50037014501,750 ML,,26.5,31.99,1
DISARONNO VELVET CREAM,Liquor,50037597752,750 ML,,30.06,36.99,0
HOLLAND HOUSE MARGARITA  1L,Liquor,70860113707,1 LT,,2.39,4.75,0
HOLLAND HOUSE STRAWBERRY 1L,Liquor,70860713709,1 LT,,2.39,4.75,0
STROH 80,Liquor,80368338007,750 ML,Single,11.54,13.99,0
KAHLUA COFFEE W/MUG,Liquor,80432111949,750 ML,,23.09,28.99,6
B&B DOM,Liquor,80480545406,750 ML,Single,14.09,21.99,0
99 PINEAPPLE,Liquor,80660010700,50 ML,,0.69,1.18,77
CHI CHIS LONG ISLAND,Liquor,80660011370,187 ML,,1.45,2.1,3
99 BLACK CHERRY 750 ML,Liquor,80660113609,750 ML,,14.09,16.99,0
99 BLACK CHERRY,Liquor,80660113692,50 ML,,0.69,1.17,0
99 BANANAS 750 ML,Liquor,80660620053,750 ML,,14.09,16.99,0
99 BANANAS,Liquor,80660620992,50 ML,,0.69,1.17,22
LEROUX PEPPERMINT SCHNAPP,Liquor,80686056607,375 ML,,3.74,4.99,-2
LEROUX MELON LIQUEUR 750 ML,Liquor,80686085409,750 ML,,8.49,8.99,0
ISLAND BLUE PUCKER  750ML,Liquor,80686340409,750 ML,,8,11.99,0
DEKUYPER PEACHTREE,Liquor,80686365204,1 LT,,10.29,13.99,7
PEACHTREE  375  ML,Liquor,80686365600,375 ML,,4.79,7,0
PEACHTREE   200 ML,Liquor,80686365709,200 ML,,1.5,1.88,0
DEKUYPER TRIPLE SEC,Liquor,80686381204,1 LT,,5.29,9.99,10
DEKUYPER PINEAPPLE 375ML,Liquor,80686387602,375 ML,,1,2.5,0
DEKUYPER SOUR APPLE,Liquor,80686395201,1 LT,,10.29,13.99,8
DEKUYPER SOUR APPLE PUCKER 375,Liquor,80686395607,375 ML,,6.54,8.49,0
DEKUYPER SOUR APPLE PUCKER 200,Liquor,80686395706,200 ML,,1,2.5,0
HARVEYS BRISTOL CREAM 375 ML,Liquor,80686741046,375 ML,,6.19,6.49,0
CLUB ICED TEA 200 ML-NO MORE,Liquor,82000002178,200 ML,,2.26,3.29,0
YUKON JACK 200 ML,Liquor,82000125211,200 ML,,6.19,6.2,0
YUKON JACK,Liquor,82000125389,375 ML,,10.09,10.99,0
TGIF LONG ISLAND ICED TEA 200,Liquor,82000160830,200 ML,,2.26,3.27,0
TGIF LONG ISLAND ICED TEA 750M,Liquor,82000160854,750 ML,,7.59,9.99,0
TGIF CENSORED ON THE BEACH 200,Liquor,82000160946,200 ML,,2.26,3.27,0
TGIF FRIDAY CENSORED ON THE BE,Liquor,82000160960,750 ML,,7.59,10,0
TGIF PINA COLADA  200 ML,Liquor,82000160984,200 ML,,2.26,3.3,0
TGIF PINA COLADA FRIDAYS  750,Liquor,82000161004,750 ML,,7.59,9.99,0
TGIF MUDSLISE   200 ML,Liquor,82000707073,200 ML,,2.26,3.27,0
TGIF MUDSLIDE  FRIDAYS  750 ML,Liquor,82000707080,750 ML,,7.59,9.99,0
FRIDAY VOLCANO 200 ML,Liquor,82000751724,200 ML,,2.25,2.8,0
TGI FRIDAYS VOLCANO 750ML,Liquor,82000751731,750 ML,,6.09,6.5,0
DEKUYPER BLUESBERRY 375 ML,Liquor,82230620609,375 ML,,6.5,6.99,0
JAGERMEILTER LIQUOR,Liquor,83089524001,750 ML,,21.95,25.99,3
JAGERMEILTER LIQUOR,Liquor,83089660358,375 ML,,11.92,13.99,4
JAGERMEILTERS CINNAMON,Liquor,83089662000,750 ML,Single,19.09,24.99,0
TUACA,Liquor,83300044776,750 ML,,19.09,19.99,0
NOILLY PRAT 375 ML,Liquor,83300049306,375 ML,,5.09,5.99,0
GALLIANO,Liquor,83664869534,750 ML,Single,29.09,39.99,0
IRISH MIST LIQUEUR 375ML,Liquor,83960169901,375 ML,,13.49,13.99,1
IRISH MIST LIQUEUR 750,Liquor,83960169925,750 ML,,21.49,21.99,0
KINKY RUBY,Liquor,84279003061,50 ML,,0.67,1.17,0
KINKY FRUIT PUNCH,Liquor,84279005553,750 ML,,13.5,13.99,1
KINKY FRUIT PUNCH,Liquor,84279005560,50 ML,,0.7,0.94,1
KINKY PINK,Liquor,84279007427,100 ML,,1.33,1.88,0
KINKY PEACH MANGO,Liquor,84279008011,50 ML,,0.67,0.94,0
KINKY PINK,Liquor,84279985978,50 ML,,0.6,1.17,216
RICURA,Liquor,84279988382,750 ML,,16,19.99,5
KINKY PINK,Liquor,84279989457,375 ML,,7,7.99,1
KINKY BLUE,Liquor,84279991528,50 ML,,0.6,1.17,70
KINKY BLUE,Liquor,84279992105,375 ML,,3.33,4.69,0
KINKY GOLD,Liquor,84279994093,50 ML,,0.3,0.45,0
KINKY PINK,Liquor,84279994185,200 ML,,2.5,3.99,0
KINKY BLUE,Liquor,84279994192,200 ML,,1.33,1.99,0
KINKY GREEN,Liquor,84279996684,50 ML,,0.67,1.17,4
KINKY RED,Liquor,84279998343,50 ML,,0.67,1.17,0
BARTENDERS BANANA,Liquor,84380424649,750 ML,,9.99,12.99,9
BARTENDERS  HOT SEX,Liquor,84380425042,750 ML,,11.08,13.99,0
BARTENDERS MUDSLIDE,Liquor,84380425240,750 ML,,9.99,12.99,4
BARTENDERS MUDSLIDE,Liquor,84380425264,200 ML,,4.09,5.99,2
BARTENDERS  PINACOLADA,Liquor,84380425547,750 ML,,9.99,12.99,1
BARTENDERS HORCHATA,Liquor,84380429842,750 ML,,11.08,12.99,0
ALIZE GOLD PASSION,Liquor,84692200948,750 ML,,16.99,23.99,0
ALIZE RED PASSION,Liquor,84692201143,750 ML,,18.99,23.99,0
ALIZE RED PASSION,Liquor,84692201150,375 ML,,9.99,12.99,12
ALIZE BLUE PASSION,Liquor,84692206148,750 ML,,16.99,23.99,0
ALIZE BLUE PASSION,Liquor,84692206155,375 ML,,9.99,12.99,7
ALIZE PEACH,Liquor,84692213108,750 ML,,16.99,23.99,0
ALIZE GREEN APPLE,Liquor,84692620609,750 ML,,16.99,23.99,2
ALIZE PINEAPPLE,Liquor,84692633685,750 ML,,16.99,23.99,0
ALIZE STRAWBERRY,Liquor,84692669288,375 ML,,10,12.99,6
CASK & CREAM 750ML,Liquor,85000003961,750 ML,,7.79,15.99,0
CASK & CREAM CHOCOLATE 375ML,Liquor,85000012369,375 ML,,3.49,7.99,0
RUM CHATA COCONUT CREAM,Liquor,85000035764,750 ML,,24.09,29.99,7
KE KE BEACH KEY LIME CREAM 750,Liquor,85592119347,750 ML,,15.59,15.99,0
TEQUILA ROSE STRAWBERRY GIFT,Liquor,85592121043,750 ML,,23.57,29.99,4
TEQUILA ROSE STRAWBERRY,Liquor,85592121067,375 ML,,12.09,15.99,6
WALDERS CREAM,Liquor,85662002852,750 ML,Single,16,17.99,0
RYANS CREAM LIQUOR,Liquor,86024000233,50 ML,,0.7,1.18,48
MONTEBELLO PEACH ICE,Liquor,86072122130,750 ML,,8.39,8.99,0
MONTEBELLO ICED TEA,Liquor,86072132115,1.75 LT,,17.09,22.99,4
MONTEBELLO ICED TEA,Liquor,86072132139,750 ML,,9.39,12.99,1
MONTEBELLO ICED TEA,Liquor,86072132146,375 ML,,5.19,6.92,0
MONTEBELLO ICED TEA,Liquor,86072132153,200 ML,,3.19,4.22,16
MONTEBELLO SCREWDRIWER,Liquor,86072135130,750 ML,,8.39,8.99,2
BAILEYS ORIGINAL,Liquor,86767210029,1.75 LT,,47.49,54.99,4
BAILEYS ORIGINAL,Liquor,86767210067,750 ML,,25.49,32.99,6
BAILEYS ORIGINAL,Liquor,86767210098,375 ML,,14.99,19.99,6
BAILEYS ORIGINAL,Liquor,86767210128,50 ML,,1.33,1.74,85
ROMANA SAMBVCA 375ML,Liquor,86767220097,375 ML,,12.49,12.5,0
ROMANA SAMBVCA  200ML,Liquor,86767220103,200 ML,,7.09,7.29,0
ROMANA SAMBVCA 50 ML,Liquor,86767220127,50 ML,,2.09,2.34,0
O'DARBY IRISH CREAM LIQUEUR 75,Liquor,86767270061,750 ML,,11,11.49,0
GOLDSCHLAGER IMPORTED  200ML,Liquor,86767500106,200 ML,,5.49,7.99,0
DAS KOMET,Liquor,86767701138,750 ML,Single,14.09,14.99,0
BAILEYS STRAWBERRY CREAM,Liquor,86767704832,750 ML,,25.49,28.99,0
BAILEYS CHOCOLATE,Liquor,86767705488,750 ML,,25.49,32.99,0
BAILEYS CHURROS,Liquor,86767705501,50 ML,,1.33,1.74,51
BAILEYS CHOCOLATE,Liquor,86767705594,50 ML,,1.33,1.74,71
BAILEYS COFFEE TOFFEE,Liquor,86767705655,750 ML,,23.41,32.99,1
BAILEYS COOKIES CREAMY,Liquor,86767705693,750 ML,,23.41,32.99,1
BLACK HAUS,Liquor,86767810069,750 ML,,23.09,23.99,0
LEROUX ROCK & RYE,Liquor,87116007925,750 ML,,12.08,14.99,1
GALLIANO,Liquor,87236050313,375 ML,Single,14.09,19.99,0
COINTREAU 750ML,Liquor,87236565107,750 ML,,32.09,32.49,0
COINTREAU,Liquor,87236565695,,,54.1,67.99,0
PONCHE KUBA CREAM,Liquor,87236657994,750 ML,,22.49,24.99,5
AMBUSCH CHILL PEPPER,Liquor,87752019740,750 ML,Single,14.25,24.99,0
GRANNY'S GINGERBREAD CREAM,Liquor,88004023591,750 ML,Single,10.09,11.99,0
CHI CHIS MEXICAN MUDSLIDE,Liquor,88004027391,187 ML,,1.45,2.1,0
CHI CHIS PINA COLADA,Liquor,88004027407,187 ML,,1.45,2.1,0
99 ICED TEA,Liquor,88004034146,50 ML,,0.69,1.17,75
99 PEANUT BUTTER,Liquor,88004038557,50 ML,,0.69,0.94,0
FIREBALL YULE NOG,Liquor,88004059712,750 ML,,12.09,15.99,1
GRAND MARNIER LIQUEUR 200ML,Liquor,88076159914,200 ML,,8.19,8.99,0
NAVAN 750,Liquor,88076164277,750 ML,,15.09,19.99,0
NAVAN,Liquor,88076164291,50 ML,,1.5,2.99,0
NAVAN 1L,Liquor,88076167148,1 LT,,21.09,29.99,0
NUVO SPARKLING LIQOUR  750 ML,Liquor,88076172333,750 ML,,14.09,14.99,0
NUVO PEACH SPARKLING LIQUEUR 2,Liquor,88076178151,200 ML,,2,2.99,0
GRAND MARNIER  200ML,Liquor,88110931056,200 ML,,9.17,11.99,0
GRAND MARNIER  50ML,Liquor,88110931063,50 ML,,2.79,3.99,0
ALTO DEL CARMEN,Liquor,88320152005,750 ML,Single,17.09,29.99,0
EVERCLEAR,Liquor,88352100012,1.75 LT,,30.09,34.99,1
EVERCLEAR,Liquor,88352104867,375 ML,,8.09,10.99,16
EVERCLEAR,Liquor,88352123097,750 ML,,14.09,17.99,9
BRADYS IRISH CREAM,Liquor,88352136127,750 ML,,10.09,13.99,3
SOUTHERN COMFORT HURRICANE COC,Liquor,88544000090,750 ML,,9.09,14.99,0
SOUTHERN COMFORT 100PROOF 750,Liquor,88544018156,750 ML,,19.1,24.99,0
SOUTHERN COMFORT 100 ML,Liquor,88544018842,100 ML,,2.77,4.5,0
SOUTHERN COMFORT,Liquor,88544019054,750 ML,,14.99,15.99,0
SOUTHERN COMFORT  375ML,Liquor,88544019139,375 ML,,9,10.99,0
SOUTHERN COMFORT 200 ML,Liquor,88544019160,200 ML,,5.19,6.99,0
CAMPARI MILANO,Liquor,88734100708,375 ML,,15.99,19.99,2
MIDORI MELON 750ML,Liquor,88857003306,750 ML,,18.09,18.49,0
MIDORI MELON 1LTR,Liquor,88857003375,1 LT,,22.09,22.99,0
Mr.Boston Eggnog 200Ml,Liquor,89000014392,200 ML,,1.4,1.99,0
MR.BOSTON EGGNOG,Liquor,89000016914,1.75 LT,,14.18,17.99,5
MR.BOSTON EGGNOG,Liquor,89000016952,750 ML,,6.78,10.99,8
99 APPLES 200 ML,Liquor,89000118380,200 ML,,4.63,6.99,0
99 APPLES,Liquor,89000118397,50 ML,,0.69,1.18,0
99 BANANA,Liquor,89000620104,100 ML,,1.29,2.11,1
99 GRAPES,Liquor,89000990764,50 ML,,0.69,1.17,0
99 WATERMELON,Liquor,89000991044,50 ML,,0.69,1.17,0
99 PEACH,Liquor,89000991600,100 ML,,1.29,2.11,0
KAHLUA ORIGINAL,Liquor,89540122717,750 ML,,26.1,29.99,0
KAHLUA 200 ML,Liquor,89540122731,200 ML,,6.49,7.99,0
KAHLUA 375 ML,Liquor,89540145631,375 ML,,10.29,10.49,0
IRISH MIST LIQUEUR 750 ML,Liquor,89540189390,750 ML,,21.49,21.99,0
KAHLUA ESPECIAL 1 LITER,Liquor,89540422268,1 LT,,23.49,23.99,0
KAHLUA ESPECIAL 750 ML,Liquor,89540447063,750 ML,,18.39,18.4,0
D.O.M BENEDICTINE 750ML,Liquor,89756260449,750 ML,,28.19,28.99,0
HPNOTIQ HARMONIE 375 ML,Liquor,96749003136,375 ML,,11.29,14.99,0
HPNOTIQ HARMONIE 750 ML,Liquor,96749003143,750 ML,,16.09,17.09,0
KINKY CINNAMON,Liquor,5237200000,50 ML,,0.3,0.45,0
RUM CHATA,Liquor,5672200000,25 ML,,0.69,0.94,0
HARVEYS BRISTOL 100 ML,Liquor,633438387216,100 ML,,1.29,2.35,0
GRAND MARNIER,Liquor,649188900469,375 ML,,19.98,23.99,1
AGUARDIENTE SIN AZUCAR,Liquor,664858000119,750 ML,,16.67,21.99,3
GRAND IMPERIAL,Liquor,695521109006,750 ML,Single,19.09,25.99,0
FABRIZIA,Liquor,718122340866,750 ML,Single,9.99,10.99,0
CAMPARI MILANO,Liquor,721059003063,50 ML,,2.19,2.8,0
CAMPARI MILANO,Liquor,721059047500,750 ML,,30.08,34.99,1
MOLLY'S IRISH CREAM 750 ML,Liquor,736040000433,750 ML,,12.49,13.99,0
HPNPTIQ 750 GIFT PACK,Liquor,736040011088,750 ML,,19.09,24.5,0
HPNOTIQ  200ML,Liquor,736040012849,200 ML,,6.79,6.8,0
HPNOTIQ,Liquor,736040012856,375 ML,,12.09,14.99,34
HPNOTIQ,Liquor,736040012863,1.75 LT,,53.09,59.99,3
NUVO SPARKLING LIQUEUR  375 ML,Liquor,736040506898,375 ML,,19,24.99,0
NUVO  SPARKLING LIQUEUR   200,Liquor,736040506904,200 ML,,13.99,15.99,0
TYKU SAKE JUNMAI 330 ML,Liquor,736040520030,330 ML,,8.09,8.49,0
TYKU SAKE JUNMAI GINJO 330 ML,Liquor,736040520986,330 ML,,8,8.09,0
TYKU SAKE COCONUT NIGORI 330 M,Liquor,736040524359,330 ML,,8.09,8.49,0
TWISTED BUTTERY NIPPLE,Liquor,766427003382,100 ML,4-Pack,5.06,6.99,10
TWISTED STRAW SUNDAE,Liquor,766427003405,100 ML,4-Pack,5.06,6.99,9
TWISTED PORN STAR,Liquor,766427003429,100 ML,4-Pack,5.06,6.99,4
TWISTED SEX ON THE BEACH,Liquor,766427003443,100 ML,4-Pack,5.06,6.99,5
TWISTED MIAMI VICE,Liquor,766427003573,100 ML,4-Pack,5.06,6.99,9
BICERIN WHITE COCO,Liquor,8003750142077,50 ML,Single,0.67,0.93,0
OLE SMOKY PINEAPPLE,Liquor,810088370267,750 ML,,22.99,28.99,2
SIZZURP 750 ML BOTTLE,Liquor,813974000057,750 ML,,20.29,25.99,0
SIZZURP 375 ML BOTTLE,Liquor,813974000132,375 ML,,11,14.99,0
QREAM PEACH 375 ML,Liquor,823000,375 ML,,20.09,20.99,0
QREAM STRAWBERRY 375ML,Liquor,823020,375 ML,,18.01,18.99,0
QREAM STRWBERRY 750 ML,Liquor,823030,750 ML,,21.09,21.49,0
BAILEYS ALMOND,Liquor,825200,50 ML,,0.79,1.17,0
KINKY GOLD,Liquor,8427999410,200 ML,,1.33,1.99,0
RICURA,Liquor,8427999423,50 ML,,0.67,1.17,200
ALIZE COCO,Liquor,8469221083,200 ML,Single,3.99,4.99,0
ALIZE VS COCO,Liquor,8469221211,375 ML,,5.5,8.99,0
HARLEM,Liquor,850024002012,750 ML,Single,18.09,20.99,0
MIDNIGHT MOON CHERRY,Liquor,851767001157,750 ML,,19.09,23.99,0
MIDNIGHT MOON STRAWBERRY,Liquor,851767001164,750 ML,,19.09,23.99,0
MINI CHILL,Liquor,852504002000,,,2.02,2.74,0
CASK & CREAM 375ML,Liquor,853950,375 ML,,4.15,7.99,0
CASK & CREAM 200ML,Liquor,854030,200 ML,,2.77,5,0
BLACK BUTTON BOURBON CREAM,Liquor,854572005341,50 ML,,0.65,1.17,3
OLE SMOKY PEACH,Liquor,856011004861,750 ML,,22.99,28.99,2
LEROUX WILD BERRIES  200ML,Liquor,870349,200 ML,,2.69,4,0
RUM CHATA,Liquor,890355001025,750 ML,,24.09,29.99,2
RUM CHATA,Liquor,890355001049,50 ML,,0.99,1.41,72
RUM CHATA ICED COFFEE TUMBLER,Liquor,890355001186,200 ML,,6,6.25,14
FIREFLY PEACH,Liquor,897291000648,750 ML,,9,10.99,2
FIREFLY APPLE PIE,Liquor,897291000662,750 ML,,9,10.99,2
FIREFLY CHERRY,Liquor,897291000686,750 ML,,9,10.99,3
FIREFLY STRAWBERRY,Liquor,897291000693,750 ML,,9,10.99,1
FIREFLY WHITE LIGHTNING,Liquor,897291000785,200 ML,,3.69,4.99,0
HPNOTIQ,Liquor,9674900106,750 ML,,19.88,22.99,18
CUBA LIBRE 12OZ CAN,Rum,33906110016,12 OZ,,0.7,0.93,0
BACARDI ARTIC GRAPE 750 ML,Rum,40171,750 ML,,15.09,16.99,0
BACARDI DRAGONBERRY 1.75 LTR,Rum,80480000257,1.75 LT,,28.09,28.99,0
BACARDI DRAGON  BERRY 1 LTR,Rum,80480000264,1 LT,,18.09,20.99,0
BACARDI DRAGONBERRY 750 ML,Rum,80480000271,750 ML,,15.09,16.99,0
BACARDI DRAGON BERRY,Rum,80480000288,375 ML,,4.99,8.99,0
BACARDI DRAGON BERRY 200ML,Rum,80480000295,200 ML,,4.49,5.99,0
BACARDI DRAGON BERRY 50ML,Rum,80480000301,50 ML,,0.79,0.93,0
BACARDI TORCHED CHERRY 1.5 LTR,Rum,80480000967,1.5 LT,,25.09,25.99,0
BACARDI TORCHED CHERRY 1 LTR,Rum,80480000974,1 LT,,18.09,20.99,0
BACARDI OAKHHEART  1LTR,Rum,80480001513,1 LT,,18.09,20.99,0
BACARDI OAKHEART 750ML,Rum,80480001520,750 ML,,15.09,17.99,0
BACARDI OAKHEART 375 ML,Rum,80480001537,375 ML,,9.24,10.99,0
BACARDI OAKHEART  200 ML,Rum,80480001544,200 ML,,5.62,6.99,0
BACARDI OAKHEART 50 ML,Rum,80480001551,50 ML,,0.69,0.94,0
BACARDI BLACK RAZZ,Rum,80480003081,200 ML,,3.49,5.99,0
BACARDI PINEAPPLE FUSION 1.75,Rum,80480003814,1.75 LT,,25.09,27.99,0
BACARDI PINEAPPLE RUM,Rum,80480003821,1 LT,,15.09,20.99,0
BACARDI PINEAPPLE,Rum,80480003838,750 ML,,13.09,15.99,3
BACARDI PINEAPPLE,Rum,80480003845,375 ML,,4.99,8.99,8
BACARDI PINEAPPLE FUSION 200ML,Rum,80480003852,200 ML,,3.49,5.15,0
BACARDI MAESTRO,Rum,80480004156,750 ML,,23.85,23.99,1
BACARDI MANGO,Rum,80480004842,375 ML,,4.99,8.99,0
BACARDI BLACK,Rum,80480005276,375 ML,,6.49,9.99,0
BACARDI GRAPEFRUIT,Rum,8048000669,750 ML,Single,14.09,16.99,0
BACARDI BANANA,Rum,80480006761,750 ML,Single,14.09,16.99,0
BACARDI RASPBERRY,Rum,80480007171,750 ML,Single,14.09,16.99,0
BACARDI BANANA,Rum,80480007201,50 ML,,0.79,0.94,3
BACARDI COQUITO,Rum,80480008192,750 ML,,17.09,22.99,0
BACARDI MOJITO 750 ML,Rum,80480015176,750 ML,,13.09,16.99,0
BACARDI SILVER,Rum,80480015206,1.75 LT,,20.09,23.99,14
BACARDI SILVER,Rum,80480015305,1 LT,,15.09,18.99,6
BACARDI SILVER,Rum,80480015459,750 ML,,13.09,15.99,8
BACARDI SILVER,Rum,80480015602,375 ML,,4.99,7.28,356
BACARDI SILVER,Rum,80480015701,200 ML,,4.49,6.09,25
BACARDI SILVER,Rum,80480015800,100 ML,,1.49,2.1,458
BACARDI SILVER,Rum,80480016210,50 ML,,0.69,1.17,153
BACARDI Y C RON LUPERIOR 750ML,Rum,80480016265,750 ML,,8,16.99,0
BACARDI GOLD,Rum,80480025205,1.75 LT,,20.09,23.99,1
BACARDI GOLD,Rum,80480025304,1 LT,,15.09,18.99,2
BACARDI GOLD,Rum,80480025465,750 ML,,13.09,15.99,2
BACARDI GOLD,Rum,80480025601,375 ML,,4.99,7.28,562
BACARDI GOLD,Rum,80480025700,200 ML,,4.49,6.09,25
BACARDI GOLD,Rum,80480025809,100 ML,,1.49,2.1,931
BACARDI GOLD,Rum,80480026219,50 ML,,0.69,1.17,191
BACARDI SELECT 1 LITER,Rum,80480055301,1 LT,,15.09,20.99,0
BACARDI SELECT  750ML,Rum,80480055400,750 ML,,15.09,16.99,0
BACARDI SELECT  375 ML,Rum,80480055608,375 ML,,4.99,9.99,0
BACARDI SELECT 200 ML,Rum,80480055707,200 ML,,4.49,5.99,0
BACARDI LIMON 1.75 LT,Rum,80480355203,1.75 LT,,25.09,27.99,0
BACARDI LIMON 1 LITER,Rum,80480355302,1 LT,,18.09,20.99,0
BACARDI LIMON,Rum,80480355401,750 ML,,13.09,15.99,5
BACARDI LIMON,Rum,80480355609,375 ML,,4.99,8.99,6
BACARDI LIMON 200 ML,Rum,80480355708,200 ML,,4.99,5.99,0
BACARDI LIMON,Rum,80480356200,50 ML,,0.69,1.17,2
CICLON  200ML,Rum,80480398040,200 ML,,3.75,4,0
BACARDI O 750ML,Rum,80480400026,750 ML,,15.09,16.99,0
BACARDI O 375 ML,Rum,80480400033,375 ML,,6.49,9.99,0
BACARDI O 200ML,Rum,80480400040,200 ML,,4.99,5.99,0
BACARDI RAZZ 1.75 LT,Rum,80480400316,1.75 LT,,21.09,21.99,0
BACARDI RAZZ 750ML,Rum,80480400330,750 ML,,15.09,16.99,0
BACARDI RAZZ 375 ML,Rum,80480400347,375 ML,,6.49,9.99,0
BACARDI RAZZ ORIGINAL RASPEBER,Rum,80480400354,200 ML,,3.49,3.99,0
BACARDI COCO 1.75 LT,Rum,80480400613,1.75 LT,,25.09,26.99,0
BACARDI COCONUT,Rum,80480400644,375 ML,,4.99,8.99,6
BACARDI COCO 200 ML,Rum,80480400651,200 ML,,4.99,5.99,0
BACARDI COCONUT,Rum,80480400668,50 ML,,0.69,0.94,0
BACARDI VANILA 1.75 LTR,Rum,80480400811,1.75 LT,,12,14.99,0
BACARDI VANILA 750 ML,Rum,80480400835,750 ML,,15.09,16.99,0
BACARDI VANILA 375ML,Rum,80480400842,375 ML,,6.49,9.99,0
BACARDI BIG APPLE 1LTR,Rum,80480401023,1 LT,,18.09,20.99,0
BACARDI BIG APPLE 750 ML,Rum,80480401030,750 ML,,15.09,16.99,0
BACARDI BIG APPLE 375 ML,Rum,80480401047,375 ML,,6.49,9.99,0
BACARDI GRAND MELON 1 LTR,Rum,80480401535,1 LT,,18.09,20.99,0
BACARDI GRAND MELON 750 ML,Rum,80480401542,750 ML,,15.09,16.99,0
BACARDI GRAND MELON 375ML,Rum,80480401559,375 ML,,6.49,9.99,0
BACARDI GRAND MELON,Rum,80480401566,200 ML,,4.99,5.99,0
BACARDI ROCK COCONUT 1.75LTR,Rum,80480401627,1.75 LT,,21.09,21.99,0
BACARDI ROCK COCONUT 200 ML,Rum,80480401665,200 ML,,4.99,5.99,0
BACARDI ARCTIC GRAPE 1.75LTR,Rum,80480401696,1.75 LT,,21.09,26.99,0
BACARDI ARCTIC GRAPE 1 LTR,Rum,80480401702,1 LT,,18.09,20.99,0
BACARDI ARCTIC GRAPE 375 ML,Rum,80480401733,375 ML,,6.49,6.99,0
BACARDI ARCTIC GRAPE 200 ML,Rum,80480401740,200 ML,,3.49,3.99,0
BACARDI PEACH RED  1 LITER,Rum,80480402037,1 LT,,18.09,20.99,0
BACARDI PEACH RED 750 ML,Rum,80480402044,750 ML,,15.09,16.99,0
BACARDI PEACH RED,Rum,80480402051,375 ML,,6.49,8.99,0
BACARDI PEACH RED 200 ML,Rum,80480402068,200 ML,,4.99,5.99,0
SEVEN TIKI,Rum,80480497026,750 ML,Single,8,8.99,0
BACARDI 151 LONG ISLAND ICE TE,Rum,80480806033,750 ML,,11.09,16.99,0
BACARDI BAHAMA MAMA 1.75 LT,Rum,80480806040,1.75 LT,,12.09,26.99,0
BACARDI BAHAMA MAMA 375ML,Rum,80480806118,375 ML,,6.49,9.99,0
BACARDI ZOMBIE 1.5 LTR,Rum,80480806156,1.5 LT,,25.09,25.99,0
BACARDI RUM RUNNER 1.75 LTR,Rum,80480806187,1.75 LT,,17.79,22.99,0
BACARDI ISLAND PUNCH,Rum,80480986339,1.75 LT,,17.09,19.99,0
BACARDI TROPICAL,Rum,80480986414,750 ML,,13.09,15.99,2
RONRICO GOLD,Rum,80686140122,1.75 LT,,16.09,19.99,6
RONRICO GOLD,Rum,80686140405,750 ML,,8.39,11.99,11
RONRICO VANILLA RUM 750ML,Rum,80686145400,750 ML,,3,4.7,0
CRUZAN PINEAPPLE,Rum,80686967729,750 ML,,13.19,14.99,1
CRUZAN COCONUT,Rum,80686970149,50 ML,,0.8,0.94,0
CRUZAN PEACH,Rum,80686970590,750 ML,,13.19,14.99,0
CRUZAN COCONUT,Rum,80686970736,750 ML,,11.09,14.99,12
FLIPFLOP SILVER RUM 50 ML,Rum,81308002354,50 ML,,0.8,0.93,0
FLIPFLOP SPICED RUM 50ML,Rum,81308002378,50 ML,,0.69,0.71,0
DON Q  SERRALLES ORO RUM 1LTR,Rum,82301100016,1 LT,,13.09,13.49,0
DON Q PINEAPPLE,Rum,82301375704,375 ML,,6.23,7.99,0
DON Q LIMON,Rum,82301750563,750 ML,,15.48,18.99,2
DON Q PASSION,Rum,82301750600,750 ML,,15.48,18.99,0
DON Q PINA,Rum,82301750709,750 ML,,15.48,18.99,2
DON Q COCONUT,Rum,82301751904,750 ML,,15.48,18.99,1
PALO VIEJO RUM 200ML,Rum,82301878397,200 ML,,2.09,3.49,0
PALO VIEJO,Rum,82301878762,375 ML,,4.17,5.63,0
NAKED TRUTLE RUM,Rum,8232908,50 ML,Single,0.67,0.71,0
CALICO JACK KEY LIME RUM 1.75L,Rum,82844001054,1.75 LT,,10.09,12.99,0
APPLETON ESTATE 1L,Rum,83300049047,1 LT,,24.39,24.99,0
FIVE O'CLOCK RUM,Rum,84848610102,1.75 LT,,5,10.99,0
SHELLBACK SILVER RUM 200ML,Rum,85000020142,200 ML,,2.85,3.99,0
SHELLBACK SILVER RUM 375ML,Rum,85000020159,375 ML,,4.28,5.99,0
SHELLBACK SILVER RUM 750ML,Rum,85000020166,750 ML,,7.5,8.99,0
SHELLBACK SPICED RUM 200ML,Rum,85000020210,200 ML,,3.35,3.99,0
SHELLBACK SPICED RUM 375ML,Rum,85000020227,375 ML,,4.28,5.99,0
SHELLBACK SPICED RUM 750ML,Rum,85000020234,750 ML,,7.5,8.99,0
RUMHAVEN COCONUT,Rum,85000023334,50 ML,,0.67,0.94,110
PARROT BAY COCONUT 375ML,Rum,87000001459,375 ML,,8.5,9,0
CAPTAIN MORGAN SPICED RUM,Rum,87000002715,750 ML,,11.09,14.99,4
PARROT BAY COCONUT 200 ML,Rum,87000002920,200 ML,,2.09,2.99,0
PARROTBAY COCONUT 750ML,Rum,87000202214,750 ML,,16.99,18.99,0
ORIGINAL SPICED RUM 750ML,Rum,87000506886,750 ML,,19.09,24.99,0
XM OVERPROOF RUM,Rum,87752018774,750 ML,Single,12.45,13.99,0
ESTATE ROYALE PINEAPPLE PUNCH,Rum,87752020630,750 ML,,8,9.99,0
ESTATE ROYALE MANGO PUNCH,Rum,87752020647,750 ML,,8,9.99,0
ESTATE ROYALE PASSION PUNCH,Rum,87752020654,750 ML,,8,9.99,0
RON CALDAS ANEJO 3 YEARS,Rum,87752026496,375 ML,,6.67,8.99,3
RON CALDAS ANEJO 3 YEARS,Rum,87752026519,1 LT,,15,19.99,2
CLUB CARIBE,Rum,89016014980,750 ML,Single,5.09,9.99,0
MALIBU COCONUT RUM,Rum,89540448992,750 ML,,19.09,24.99,1
MALIBU COCONUT RUM,Rum,89540449036,375 ML,,9.49,12.99,6
MALIBU COCONUT RUM,Rum,89540449326,1.75 LT,,25.09,34.99,5
KUYA FUSION RUM,Rum,89540451947,750 ML,,7.99,12.99,0
MALIBU MANGO RUM,Rum,89540463087,750 ML,,19.78,21.99,0
MALIBU PINEAPPLE,Rum,89540463131,750 ML,,21.78,24.99,1
MALIBU RUM PUNCH,Rum,89540520032,1.75 LT,,17.09,19.99,0
MALIBU WATERMELON,Rum,89540535586,50 ML,,0.69,0.94,0
MALIBU PEACH,Rum,89540535906,750 ML,,21.78,24.99,2
MALIBU STRAWBERRY,Rum,89540540108,750 ML,,21.78,24.99,0
BLACK HEART RUM,Rum,96749011698,50 ML,,0.66,1.17,63
BACARDI BIG APPLE,Rum,5311600000,200 ML,,3.49,5.99,0
BACARDI MANGO,Rum,5311700000,200 ML,,3.49,3.99,0
BACARDI ARTIC GRAPE,Rum,5311800000,375 ML,,6.49,6.99,0
APPLETON ESTATE RESERVE 375 ML,Rum,636191110909,375 ML,,7.69,9.99,0
GRAND MARNIER,Rum,649188900476,750 ML,,36.98,40.99,2
BARBANCOURT RUM 3 STAR,Rum,689768871314,750 ML,,21.09,26.99,0
BARBANCOURT RUM 5 STAR,Rum,689768873318,750 ML,,26.09,29.99,36
BARBANCOURT WHITE RUM,Rum,689768881320,750 ML,,15.16,19.99,10
DG WHITE OVERPROOF RUM,Rum,698614984108,750 ML,,11.91,11.99,0
DG WHITE OVERPROOF RUM,Rum,698614984115,200 ML,,3.54,3.99,0
WRAY & NEPHEW,Rum,721059000611,50 ML,,1.99,2.35,0
WRAY & NEPHEW,Rum,721059000635,750 ML,,20.09,26.99,20
WRAY & NEPHEW,Rum,721059000642,200 ML,,5.39,7.99,18
WRAY & NEPHEW,Rum,721059000659,1.75 LT,,39.09,45.99,5
WRAY & NEPHEW,Rum,721059000666,375 ML,,9.59,13.99,42
APPLETON ESTATE SIGNATURE,Rum,721059001502,750 ML,,22.08,26.99,3
APPLETON RESERVE BLEND RUM,Rum,721059001540,750 ML,,25.94,29.99,0
PYRAT PIST MOJITO 375 ML GIFT,Rum,721733000494,375 ML,,9.99,19.99,0
PUNTACANA MUY VIEJO,Rum,7466871107386,750 ML,,18.42,22.99,6
PUNTACANA VIEJO,Rum,7466871107393,750 ML,,15.58,19.99,6
CONT6ESSA GRAND ANEJO,Rum,811272021095,750 ML,Single,12.09,12.99,0
BRUGAL ANEJO RUM,Rum,812066020058,750 ML,,23.99,27.99,2
BRUGAL 1888 RUM,Rum,812066021512,750 ML,,35.09,42.99,5
BUMBU RUM,Rum,813497006109,750 ML,,31.75,39.99,4
BUMBU XO RUM,Rum,813497006147,750 ML,,36,42.99,0
BUMBU CREME RUM,Rum,813497006178,750 ML,,31.75,39.99,4
BUMBU XO RUM,Rum,813497006307,375 ML,,21,26.99,1
BRUGAL GOLD LABEL  375 ML,Rum,842047000199,375 ML,,8.09,9.99,0
BRUGAL  ANEJO  375 ML,Rum,842047000298,375 ML,,8.09,9.99,0
GARYS GOOD RUM,Rum,850947003349,1.75 LT,,13.25,14.99,2
GARYS GOOD RUM,Rum,850947003356,1 LT,,8.25,12.99,5
GARYS GOOD RUM,Rum,850947003363,375 ML,,4,5.4,-2
GARYS GOOD SPICED RUM,Rum,850947003387,1 LT,,9.5,12.99,11
GARYS GOOD SPICED RUM,Rum,850947003394,375 ML,,4.5,5.99,20
BLUE CHAIR SPICE RUM,Rum,856881004633,50 ML,,0.49,0.94,0
RON BARCELO ANEJO,Rum,856981000092,1.75 LT,,23.09,29.99,6
RON BARCELO ANEJO,Rum,856981000108,750 ML,,17.68,22.99,3
RON BARCELO IMPERIAL,Rum,856981000177,750 ML,,18.58,23.99,0
TIPPY ORANGE CREAM,Rum,857359008054,750 ML,,21.08,21.99,0
COPPA MOJITO,Rum,8712436107414,750 ML,,10,10.99,0
COPPA PINACOLADA,Rum,8712436131877,750 ML,,10,13.99,0
CAPTAIN MORGAN SPICED,Rum,872770,375 ML,,6.99,9.99,8
PARROT BAY COCONUT  50ML,Rum,872930,50 ML,,0.66,0.93,0
CAPTAIN MORGAN SPICED,Rum,873140,50 ML,,0.75,1.17,115
PARROT BAY MANGO 50ML,Rum,874280,50 ML,,0.3,0.45,0
PARROT BAY PINEAPPLE 50ML,Rum,874290,50 ML,,0.3,0.45,0
DICTADOR CAFE,Rum,874703003411,750 ML,Single,18.99,19.99,0
MAYERSS  RUM  375ML,Rum,876740,375 ML,,8.49,11.99,0
MAYERSS RUMSS  1LITER,Rum,877120,375 ML,,19.09,25.99,0
RUM CHATA,Rum,890355001001,1.75 LT,,42.09,49.99,1
RUM CHATA,Rum,890355001032,375 ML,,11.02,14.99,0
RUM BAR WHITE OVERPROOF 200 ML,Rum,894108001010,200 ML,,3.59,5,0
RUM BAR WHITE OVERPROOF 750 ML,Rum,894108001027,750 ML,,15.99,16.49,0
PEPSI BTL,Soda,12000182563,20 OZ,,1.17,1.64,21
BRISK ICED TEA CAN,Soda,1275900,12 OZ,,0.58,0.94,12
WRIGLEYS SPEARMINT RAIN 15 STICK,Soda,22000005144,GUM,,1.45,2.35,9
WRIGLEYS GUM,Soda,22000293305,GUM,,0.29,0.5,57
DOUBLEMINT 15 STICKS,Soda,2266600,GUM,,1.06,1.64,0
SIMPLY LEMONADE RASPBERRY,Soda,25000044908,52 OZ,,2.84,5.99,0
SIMPLY LEMONADE,Soda,25000044984,52 OZ,,2.84,5.99,0
MINUTE MAID LEMONADE,Soda,25000053818,2 LT,,2.25,4.22,7
MINUTE MAID LEMONADE BTL,Soda,25000058011,20 OZ,,1,1.75,7
MINUTE MAID PINK LEMONADE,Soda,25000058868,20 OZ,,1,1.75,19
OCEAN SPRAY CRANBERRY BTL,Soda,31200009906,16 OZ,,1.29,1.75,13
OCEAN SPRAY CRANBERRY,Soda,31200015303,10 OZ,,0.62,1,0
OCEAN SPRAY CRANBERRY,Soda,31200200976,60 OZ,,3.62,5.99,2
OCEAN SPRAY CRAN GRAPE,Soda,31200201072,96 OZ,,4.2,6.99,0
OCEAN SPRAY CRANBERRY,Soda,31200201140,96 OZ,,4.2,6.99,0
DOLE PINEAPPLE JUICE CAN,Soda,38900009632,8 OZ,,0.77,1.25,29
DOLE PINEAPPLE,Soda,38900728083,1.5 LT,,3.33,5.5,12
GROWN RIGHT STRAW LEMONADE,Soda,41152102730,96 OZ,,3.5,6.99,0
MARTINELLIS SPARKLING CIDER,Soda,41244122547,750 ML,,3.37,7.99,2
GOYA MALTA,Soda,41331039857,12 OZ,,0.83,1.88,24
S.PELLEGRINO SPARKLING WATER,Soda,41508800082,16 OZ,,0.7,1.17,0
C & C COLA 12 OZ CAN,Soda,41699120112,12 OZ,,0.4,0.5,0
C & C GINGER ALE 12 OZ,Soda,41699120211,12 OZ,,0.4,0.5,0
C & C GRAPE 12 OZ CAN,Soda,41699120310,12 OZ,,0.4,0.5,0
C & C ORANGE 12 OZ CAN,Soda,41699120617,12 OZ,,0.4,0.5,0
TROPICANA RUBY RED BTL,Soda,48500001752,10 OZ,,0.81,1,0
TROPICANA APPLE  BTL,Soda,48500001769,10 OZ,,0.81,1,0
TROPICANA CRANBERRY BTL,Soda,48500006726,32 OZ,,2.75,3.5,8
TROPICANA CRANBERRY BTL,Soda,48500008386,10 OZ,,0.83,1,24
TROPICANA APPLE BTL,Soda,48500008614,16 OZ,,1.37,1.75,10
TROPICANA GRAPE,Soda,48500008638,16 OZ,,1.16,1.75,0
TROPICANA CRANBERRY BTL,Soda,48500008645,16 OZ,,1.37,1.75,15
TROPICANA ORANGE PINEAPPLE BTL,Soda,48500008683,16 OZ,,1.37,1.75,16
TROPICANA RUBY RED BTL,Soda,48500009406,16 OZ,,1.37,1.75,18
TROPICANA STARWBERRY KIWI,Soda,48500018378,16 OZ,,1.08,1.75,0
TROPICANA ORANGE BTL,Soda,48500206867,10 OZ,,0.83,1,-1
TROPICANA ORANGE BTL,Soda,48500206928,16 OZ,,1.37,1.75,17
TROPICANA ORANGE BTL,Soda,48500206942,32 OZ,,2.75,3.5,11
FANTA ORANGE CAN,Soda,49000014235,12 OZ,,0.72,0.94,8
COKE CAN,Soda,49000042566,12 OZ,,0.6,0.94,32
SUNNY D BLUE RASPBERRY,Soda,50200001680,11.2oz,,0.53,1,9
SUNNY D STRAWBERRY,Soda,50200001697,11.2oz,,0.53,1,5
SUNNY D JUICE,Soda,50200500145,11.2oz,,0.5,1,-6
GATORADE GLACIER CHERRY,Soda,52000102475,20 OZ,,0.86,1.75,3
GATORADE COOL BLUE,Soda,520003248158,20 OZ,,0.81,1.75,8
GATORADE COOL FREEZE,Soda,52000324860,20 OZ,,0.8,1.75,16
GATORADE FRUIT PUNCH,Soda,52000328660,20 OZ,,0.81,1.75,8
GATORADE ORANGE,Soda,52000328677,20 OZ,,0.75,1.75,0
GATORADE LEMON LIME,Soda,52000328684,20 OZ,,0.81,1.75,23
COKE BTL,Soda,6742708,2 LT,,2.37,3.52,9
SPRITE BTL,Soda,6750600,2 LT,,2.25,3.52,10
PEPSI CAN,Soda,69000004258,12 OZ,,0.53,0.94,17
FINEST CALL MANGO,Soda,70491112209,1 LT,,3.37,5.5,8
FINEST CALL PEACH,Soda,70491116016,1 LT,,3.37,5.5,9
FINEST CALL PASSION FRUIT,Soda,70491121133,1 LT,,3.37,5.5,0
FINEST CALL WATERMELON,Soda,70491562004,1 LT,,3.37,5.5,12
FINEST CALL CRANNBERRY,Soda,70491575004,1 LT,,3.02,5.5,12
FINEST CALL SWEET & SOUR,Soda,70491801950,1 LT,,2.72,5.5,0
FINEST CALL MARGARITA,Soda,70491802957,1 LT,,3.02,5.5,0
FINEST CALL STRAW PUREE,Soda,70491803954,1 LT,,3.37,5.5,11
FINEST CALL PINA COLADA,Soda,70491804951,1 LT,,3.02,5.5,0
FINEST CALL GRENADINE,Soda,70491807952,1 LT,,3.37,5.5,9
SEAGRAMS GINGER ALE,Soda,72979004181,2 LT,,2.25,3.75,5
AIRHEADS BLUE RASPBERRY,Soda,73390013332,GUM,,1.12,1.88,2
KADEM GRAPE SPARKLING,Soda,73490123610,750 ML,,4.09,6.99,6
POLAND SPRING,Soda,75720431151,24 OZ,,0.33,1.5,0
SNAPPLE MANGO MADNESS,Soda,76183003121,16 OZ,,1.06,1.64,0
SNAPPLE FRUIT PUNCH,Soda,7618300313,20 OZ,,0.92,1.64,5
SNAPPLE PINK LEMONADE,Soda,76183003299,16 OZ,,1,1.64,0
SNAPPLE LEMON TEA,Soda,76183202005,20 OZ,,0.84,1.88,7
SNAPPLE PEACH TEA,Soda,76183202012,20 OZ,,0.84,1.88,0
SNAPPLE RASPBERRY TEA,Soda,76183202029,20 OZ,,0.84,1.88,8
SNAPPLE KIWI STRAWBERRY,Soda,76183202036,20 OZ,,0.92,1.64,2
SNAPPLE MANGO MADNESS,Soda,76183202043,16 OZ,,1,1.64,0
SNAPPLE APPLE,Soda,76183202081,20 OZ,,0.92,1.64,0
APPLE & EVE,Soda,76301590052,10 OZ,,0.65,0.94,0
7 UP LIMON,Soda,78000000344,2 LT,,1.86,3.52,0
SUNKIST STRAWBERRY LEMONADE,Soda,78000031805,2 LT,,2,3.75,6
SUNKIST BERRY LEMONADE,Soda,78000035544,2 LT,,2,3.75,8
DR.PAPER,Soda,78000082463,2 LT,,1.67,3.52,0
CANADA DRY SELTZER,Soda,78000147407,20 OZ,,1.06,1.75,21
CANADA DRY GINGER ALE BTL,Soda,78000152401,20 OZ,,1.06,1.64,23
CANADA DRY GINGER ALE,Soda,78000152463,2 LT,,2.12,3.52,5
CANADA DRY LEMON BTL,Soda,78000165401,20 OZ,,1.04,1.64,0
A&W ROOT BEER,Soda,7818707,12 OZ,,0.54,0.94,0
BLUNT EFFECTS,Soda,87860720002,,,0.5,1,41
DG GINGER BEER BTL,Soda,89087120139,12 OZ,,1.33,1.88,1
MISTIC MANGO CARROT,Soda,89396000481,16 OZ,,1.06,1.64,17
MISTIC ORANGE MANGO,Soda,89396000504,16 OZ,,1.09,1.64,0
MISTIC ORANGE CARROT,Soda,89396000528,16 OZ,,1.05,1.64,9
MISTIC PEACH CARROT,Soda,89396000542,16 OZ,,1.06,1.64,12
MISTIC TROPICAL CARROT,Soda,89396000580,16 OZ,,1.06,1.64,10
MISTIC BAHAMA BLUEBERRY,Soda,89396000603,16 OZ,,1.05,1.64,14
MISTIC GRAPE STRAWBERRY,Soda,89396000641,16 OZ,,1.06,1.64,18
MISTIC KIWI STRAWBERRY,Soda,89396000665,16 OZ,,1.05,1.64,7
ORGANIC LEMONADE,Soda,96619833757,96 OZ,,3.2,6.99,0
MOUNTAIN DEW CAN,Soda,120850,12 OZ,,0.58,1,8
PEPSI BTL,Soda,122300,2 LT,,2.25,3.52,6
C&C  2 LITER,Soda,12348,2 LT,,0.79,1.5,0
CRUSH GRAPE,Soda,417114,,,0.55,0.75,0
COKE BTL,Soda,490440,20 OZ,,1.21,1.64,24
SPRITE CAN,Soda,491320,12 OZ,,0.54,0.94,32
SPRITE BTL,Soda,497640,20 OZ,,1.21,1.64,15
MONSTER ENERGY DRINK CAN,Soda,5060166698874,16 OZ,,1.5,2.35,-27
MAGNUM,Soda,5139400000,CONDOMS,,0.4,0.94,21
MEDICINE,Soda,5242800000,,,0.33,0.94,26
SUNNY D ORANGE,Soda,5768100000,7 OZ,,0.5,1,29
RED BULL,Soda,611269133448,20 OZ,,3.92,5.16,12
RED BULL,Soda,611269546019,16 OZ,,3.29,4.46,22
ARIZONA LEMON TEA,Soda,613008725693,20 OZ,,0.66,1,13
ARIZONA GREEN TEA,Soda,613008725716,20 OZ,,0.66,1,65
ARIZONA HALF & HALF,Soda,613008725815,20 OZ,,0.77,1.25,1
ARIZONA WATERMELON,Soda,613008751272,20 OZ,,0.77,1.25,18
ARIZONA FRUIT PUNCH,Soda,613008751302,20 OZ,,0.66,1,18
ARIZONA MUCHO MANGO,Soda,613008751333,20 OZ,,0.66,1,52
ARIZONA KIWI STRAW,Soda,613008758868,,,0.82,1.25,0
GOSLINGS GINGER BEER,Soda,721094200557,7 OZ,,0.8,1.17,2
POLAND SPRING GALLON,Soda,757244,3 LT,,1.48,3.5,190
CANADA DRY GINGER ALE CAN,Soda,781140,12 OZ,,0.52,0.94,24
CANADA SELTZER WATER CAN,Soda,781270,12 OZ,,0.51,0.94,23
SUNKIST ORANGE CAN,Soda,782740,12 OZ,,0.51,0.94,9
DR.PAPER CAN,Soda,783150,12 OZ,,0.6,0.94,0
SCHWEPPES GINGER ALECAN,Soda,783460,,,0.35,0.94,0
C4 BLUERASPBERRY CAN,Soda,842595134957,16 OZ,,1.67,2.34,10
C4 GREEN APPLE CAN,Soda,842595134971,16 OZ,,1.67,2.34,10
POLAND SPRING,Soda,888670034033,16 OZ,,0.2,1,184
CELSIUS WILDBERRY,Soda,889392010145,12 OZ CN,,1.39,2,0
ALOEVINE ALOE VERA JUICE,Soda,896650001647,16 OZ,,0.98,1.88,11
RED BULL,Soda,90162602,8.4 OZ,,1.62,2.58,3
CALIROSA BLACO,Tequila,51497237301,750 ML,,40.19,42.99,0
ALTOS PLATA,Tequila,80432106846,750 ML,,27.09,30.99,11
ALTOS REPOSADO,Tequila,80432106853,750 ML,,27.09,30.99,4
ALTOS PLATA,Tequila,80432108260,375 ML,,12.99,16.99,8
ALTOS REPOSADO,Tequila,80432108307,375 ML,,14.98,18.99,0
CAZADORES REPOSADO 750 ML,Tequila,80480170028,750 ML,,24.09,26.99,0
CAZADORES REPOSADO,Tequila,80480170035,375 ML,,7.69,10.99,16
CAZADORES BLANCO,Tequila,80480172039,375 ML,,6.99,9.99,0
SKINNY GIRL SPARKING MARGARITA,Tequila,80686110415,750 ML,Single,14.09,14.99,0
CLASE AZUL REPOSADO,Tequila,81240049516,750 ML,,128.29,139.99,1
DELEON ANEJO,Tequila,82000791966,750 ML,,41.09,41.99,14
DELEON BLANCO,Tequila,82000791973,750 ML,,34.09,36.99,23
DELEON REPOSADO,Tequila,82000791980,750 ML,,37.09,38.99,11
DON JULIO 1942,Tequila,8273109,50 ML,,11.35,14.99,2
MILAGRO SILVER,Tequila,83664868902,1.75 LT,,44.09,52.99,2
MILAGRO SILVER,Tequila,83664868919,750 ML,,30.09,38.99,11
MILAGRO REPOSADO,Tequila,83664868933,1.75 LT,,45.09,52.99,12
MILAGRO REPOSADO,Tequila,83664868940,750 ML,,30.09,38.99,3
MILAGRO ANEJO,Tequila,83664868971,750 ML,,39.09,47.99,0
MILAGRO SILVER,Tequila,83664874064,375 ML,,12.09,15.99,26
MILAGRO REPOSADO,Tequila,83664874071,375 ML,,12.09,15.99,23
CAMARENA SILVER,Tequila,85000008812,50 ML,,1.33,1.87,0
CAMARENA SILVER,Tequila,85000016824,750 ML,,24.01,30.99,0
CAMARENA TEQUILLA SILVER,Tequila,85000017272,375 ML,,6.67,6.99,0
MI CAMPO BLANCO,Tequila,86003272132,750 ML,,17.09,27.99,11
TIJUANA SWEET HEAT TEQUILA,Tequila,88004020972,50 ML,,0.3,0.68,0
21 SEEDS CUCUMBER JALAPENO,Tequila,88076188808,750 ML,,29.5,32.99,1
DON JULIO 1942,Tequila,88076189355,375 ML,,68.59,79.99,3
DON JULIO REPOSADO,Tequila,88076189669,750 ML,,48.49,59.99,8
ILEGAL MEZCAL REPOSADO,Tequila,89744757333,750 ML,,41.09,47.99,2
ILEGAL MEZCAL ANEJO,Tequila,89744757340,750 ML,,52.09,59.99,2
ILEGAL MEZCAL BLANCO,Tequila,89744757357,750 ML,,33.09,39.99,2
ATLANTICO PLATINO,Tequila,94922329691,750 ML,Single,17.09,24.99,0
LUNAZUL BLANCO,Tequila,96749001361,375 ML,,10.9,14.99,13
LUNAZUL REPOSADO,Tequila,96749001378,375 ML,,10.9,14.99,5
EVAN WILLIAMS,Tequila,96749021642,375 ML,,7.29,9.99,0
LUNAZUL REPOSADO,Tequila,96749908011,1 LT,,21.09,27.99,13
LUNAZUL BLANCO,Tequila,96749908028,1 LT,,21.09,27.99,12
LUNAZUL BLANCO,Tequila,96749908547,1.75 LT,,37.89,44.99,6
LUNAZUL REPOSADO,Tequila,96749908554,1.75 LT,,37.89,44.99,10
818 REPOSADO,Tequila,195893031092,750 ML,,30,36.99,4
818 BLANCO,Tequila,195893687015,750 ML,,22.5,28.99,7
100 ANOS REPOSANDO-VIK,Tequila,5300200000,750 ML,,25.09,30.99,0
MILARGO MANDRINA-VIK,Tequila,5300500000,750 ML,,29.09,29.99,0
1921 TEQUILA CREAM,Tequila,608604100203,50 ML,,1.49,2.11,51
ESPOLON BLANCO,Tequila,664804000378,375 ML,,16.09,20.99,3
ESPOLON REPOSADO,Tequila,664804000385,375 ML,,18.09,23.99,6
DON JULIO BLANCO,Tequila,674545000001,750 ML,,45.09,54.99,18
DON JULIO BLANCO,Tequila,674545000025,50 ML,,2.99,4.22,42
DON JULIO ANEJO,Tequila,674545000063,750 ML,,52.49,62.99,3
DON JULIO ANEJO,Tequila,674545000070,50 ML,,3.59,4.99,0
DON JULIO 1942,Tequila,674545000322,750 ML,,136.75,169.99,6
DON JULIO REPOSADO,Tequila,674545000421,50 ML,,3.29,5.16,125
DON JULIO BLANCO,Tequila,674545000599,375 ML,,23.09,29.99,6
DON JULIO REPOSADO,Tequila,674545000605,375 ML,,24.09,32.99,35
DON JULIO ANEJO,Tequila,674545000612,375 ML,,26.49,34.99,4
DON JULIO BLANCO,Tequila,674545000629,1.75 LT,,92.09,99.99,5
DON JULIO REPOSADO,Tequila,674545000636,1.75 LT,,99.09,109.99,3
DON JULIO ANEJO,Tequila,674545000643,1.75 LT,,106.09,119.99,2
DON JULIO 70,Tequila,674545000827,750 ML,,56.09,74.99,4
ESPOLON ANEJO,Tequila,721059001298,750 ML,,40.08,46.99,2
ESPOLON BLANCO,Tequila,721059707503,750 ML,,29.09,34.99,36
ESPOLON REPOSADO,Tequila,721059707510,750 ML,,31.09,36.99,52
PATRON SILVER,Tequila,721733000029,750 ML,,42.09,49.99,0
PATRON CAFE,Tequila,721733000036,750 ML,,32.09,39.99,17
PATRON REPOSADO,Tequila,721733000159,750 ML,,48.18,57.99,0
PATRON REPOSADO,Tequila,721733000227,50 ML,,4.75,6.57,44
PATRON SILVER,Tequila,721733000234,50 ML,,4.5,5.99,18
PATRON SILVER,Tequila,721733000883,1.75 LT,,87.09,94.99,2
PATRON SILVER,Tequila,721733000944,375 ML,,18.49,24.99,0
PATRON ANEJO,Tequila,721733001088,200 ML,,14.99,18.99,10
PATRON REPOSADO,Tequila,721733001095,200 ML,,13.99,17.99,7
PATRON SILVER,Tequila,721733001101,200 ML,,12.99,16.99,5
PATRON SILVER,Tequila,721733005413,100 ML,,7.49,9.38,8
PATRON CRISTALINO,Tequila,721733006137,750 ML,,62.19,69.99,4
PATRON SILVER,Tequila,721733506200,750 ML,,42.09,49.99,6
AVION SILVER,Tequila,736040521884,375 ML,,17,21.99,1
AVION SILVER,Tequila,736040521914,50 ML,,1.39,1.87,0
JIMADOR SILVER,Tequila,744607000345,50 ML,,1.49,2.35,0
HERRADURA SILVER,Tequila,744607010405,50 ML,,2.49,3.75,0
HERRADURA REPOSADO,Tequila,744607012409,50 ML,,2.59,3.75,0
JIMADOR REPOSADO,Tequila,744607069403,50 ML,,1.49,2.35,4
HERRADURA SILVER,Tequila,744607111317,750 ML,,36.09,44.99,0
HERRADURA REPOSADO,Tequila,744607111324,750 ML,,37.09,44.99,0
HERRADURA ANEJO,Tequila,744607111331,750 ML,,43.09,43.99,1
TEXANO COWBOY BOOT,Tequila,7503004682492,750 ML,,54.33,69.99,2
LA GRITONA REPOSADO,Tequila,791689021003,50 ML,,5,6.99,15
SAUZA 901,Tequila,8068684201,750 ML,Single,19.09,19.99,0
LALO BLANCO,Tequila,811041030013,750 ML,,43.09,49.99,2
LALO BLANCO,Tequila,811041030044,375 ML,,22.39,27.99,2
1800 SILVER,Tequila,811538010115,50 ML,,2.23,3.05,131
1800 SILVER,Tequila,811538010122,375 ML,,9.99,14.99,39
1800 SILVER,Tequila,811538010153,1.75 LT,,43.88,49.99,2
1800 REPOSADO,Tequila,811538010214,50 ML,,2.37,3.29,-1
1800 REPOSADO,Tequila,81153801022,375 ML,,10.34,14.99,18
1800 REPOSADO,Tequila,811538010238,750 ML,,29.22,36.99,0
1800 REPOSADO,Tequila,811538010245,1 LT,,29.99,37.99,1
1800 COCONUT,Tequila,811538010290,50 ML,,2.23,3.05,183
1800 COCONUT,Tequila,811538010368,375 ML,,9.99,14.99,25
1800 COCONUT,Tequila,811538010375,750 ML,,27.5,33.99,7
1800 COCONUT,Tequila,811538010405,1.75 LT,,43.88,49.99,5
JOSE CUERVO GOLD,Tequila,811538010764,1.75 LT,,36.29,40.99,3
JOSE CUERVO SILVER,Tequila,811538010856,750 ML,,20.19,26.99,1
JOSE CUERVO GOLD,Tequila,811538010894,375 ML,,10.19,13.99,18
JOSE CUERVO SILVER,Tequila,81153801091,375 ML,,10.19,13.99,20
JOSE CUERVO GOLD,Tequila,811538010924,200 ML,,6.66,8.99,31
JOSE CUERVO SILVER,Tequila,811538010931,200 ML,,6.66,8.99,22
JOSE CUERVO GOLD,Tequila,811538010948,50 ML,,1.91,2.57,31
JOSE CUERVO SILVER,Tequila,811538010955,50 ML,,1.91,2.57,67
JOSE CUERVO MARGARITA MIX LIME,Tequila,811538011211,1 LT,,4.09,4.99,-9
JOSE CUERVO CLASSIC,Tequila,81153801155,200 ML,4-Pack,8.5,11.02,2
JOSE CUERVO GOLD,Tequila,811538011600,750 ML,,20.19,26.99,7
JOSE CUERVO STRAWBERRY LIME,Tequila,811538012768,200 ML,4-Pack,8.5,11.02,-1
JOSE CUERVO MANGO,Tequila,811538016506,200 ML,4-Pack,8.5,11.02,1
JOSE CUERVO WHITE PEACH,Tequila,811538016919,200 ML,4-Pack,8.5,11.02,0
JOSE CUERVO WATERMELON,Tequila,811538016957,200 ML,4-Pack,8.5,11.02,0
JOSE CUERVO GRAPEFRUIT,Tequila,811538016971,200 ML,4-Pack,8.5,11.02,0
JOSE CUERVO PINK LEMONADE,Tequila,811538019644,200 ML,4-Pack,8.5,11.02,5
AZUL REPOSADO,Tequila,81153804519,750 ML,Single,9.09,15.99,0
1800 SILVER,Tequila,818844021644,750 ML,,28.3,33.99,10
GRAN CORAMINO CRISTAL,Tequila,818844025284,375 ML,,17.99,23.99,12
1800 CUCUMBER JALAPENO,Tequila,818844026137,375 ML,,9.99,14.99,11
GRAN CORAMINO,Tequila,818844028155,750 ML,,29.99,35.99,3
GRAN CORAMINO,Tequila,818844028162,375 ML,,12.09,21.99,22
GRAN CORAMINO,Tequila,818844028179,1.75 LT,,63.99,72.99,2
CONTIGO PLATA,Tequila,833302006018,750 ML,Single,19.09,19.99,-2
TEREMANA BLANCO,Tequila,850015640001,375 ML,,16.09,21.99,6
TEREMANA REPOSADO,Tequila,850015640018,375 ML,,18.09,23.99,20
TEREMANA BLANCO,Tequila,850015640025,750 ML,,31.09,40.99,9
TEREMANA REPOSADO,Tequila,850015640032,750 ML,,33.09,43.99,12
TEREMANA ANEJO,Tequila,850015640124,750 ML,,39.09,39.99,1
PAPI BLANCO,Tequila,850061597144,375 ML,,11.83,15.99,11
PAPI REPOSADO,Tequila,850061597168,375 ML,,13.92,19.99,12
GARYS GOOD BLANCO TEQUILA,Tequila,850947003516,1 LT,,14,18.99,0
CASAMIGOS ANEJO,Tequila,856724006015,750 ML,,52.09,56.99,3
CASAMIGOS ANEJO,Tequila,856724006022,375 ML,,23.09,29.99,4
CASAMIGOS BLANCO,Tequila,856724006107,1 LT,,55.09,64.99,0
CASAMIGOS BLANCO,Tequila,856724006114,750 ML,,44.33,49.99,12
CASAMIGOS BLANCO,Tequila,856724006121,375 ML,,19.09,24.99,15
CASAMIGOS BLANCO,Tequila,856724006138,50 ML,,1.99,3.52,12
CASAMIGOS BLANCO,Tequila,856724006145,1.75 LT,,88.09,99.99,2
CASAMIGOS REPOSADO,Tequila,856724006206,1 LT,,59.09,69.99,2
CASAMIGOS REPOSADO,Tequila,856724006213,750 ML,,48.09,54.99,6
CASAMIGOS REPOSADO,Tequila,856724006220,375 ML,,21.09,27.99,29
CASAMIGOS REPOSADO,Tequila,856724006237,50 ML,,2.49,3.75,21
CASAMIGOS REPOSADO,Tequila,856724006244,1.75 LT,,96.09,109.99,3
LA GRITONA REPOSADO,Tequila,859026001221,750 ML,,34,42.99,36
LA GRITONA REPOSADO,Tequila,859026001405,375 ML,,22,27.99,9
MARGARRITAVILLE  375ML,Tequila,870290,375 ML,,7.99,8.99,0
MARGARRITAVILLE  200ML,Tequila,872000,200 ML,,4.29,4.3,0
CASAMIGOS JALAPENO,Tequila,88076186880,750 ML,,44.09,49.99,10
PAPI REPOSADO,Tequila,893828001676,750 ML,,25.83,33.99,5
PAPI BLANCO,Tequila,893828001737,750 ML,,22,29.99,6
OLD CARBINE RIFLE GOLD,Tequila,898298000914,1 LT,,81,99.99,1
VDKA 6100 VODKA,Vodka,736040535614,750 ML,Single,27.09,34.99,0
VESICA,Vodka,76841211073,750 ML,,14.09,14.99,0
GREY GOOSE,Vodka,80480280000,1.75 LT,,39.09,44.99,5
GREY GOOSE,Vodka,80480280024,750 ML,,25.09,29.99,2
GREY GOOSE,Vodka,80480280031,375 ML,,10.49,14.99,22
GREY GOOSE,Vodka,80480280048,200 ML,,8.79,11.99,0
ERISTOFF VODKA 375 ML,Vodka,80480296094,375 ML,,4,4.99,0
ERISTOFF VODKA 200 ML,Vodka,80480296100,200 ML,,2.8,2.99,0
GREY GOOSE ASSORTED,Vodka,80480986056,50 ML,,2.49,3.29,0
GREY GOOSE,Vodka,80480989347,50 ML,,1.77,2.35,78
DARK EYES VODKA 200 ML,Vodka,80686030706,200 ML,,1.49,2.1,0
DARK EYES VODKA,Vodka,80686030904,,,0.66,0.93,0
WOLFSCHMIDT 200ML,Vodka,80686045601,200 ML,,2.47,2.5,0
WOLFSCHMIDT 375ML,Vodka,80686045700,375 ML,,2.59,2.6,0
PUCKER CITRUS SQUEEZE 750 ML,Vodka,80686119135,750 ML,,9.09,9.49,0
PUCKER RASPBERRY RAVE 750 ML,Vodka,80686119197,750 ML,,9.09,9.49,0
TRULY STRAWBERRY LEMON,Vodka,80686896012,50 ML,,0.35,0.94,0
TRULY WILD BERRY,Vodka,80686896043,50 ML,,0.35,0.94,6
TRULY PINEAPPLE MANGO,Vodka,80686896074,50 ML,,0.35,0.94,0
PINNALCE ORANGE,Vodka,80686926344,1 LT,Single,8.99,9.99,0
PINNACLE WHIPPED CREAM VODKA 3,Vodka,80686926542,375 ML,,5.5,8,0
EFFEN VODKA,Vodka,80686938057,750 ML,,19.09,21.99,0
EFFEN BLACK CHERRY,Vodka,80686938095,50 ML,,0.66,0.93,0
EFFEN BLACK CHERRY,Vodka,80686938125,750 ML,,19.09,21.99,0
EFFEN BLACK CHERRY,Vodka,80686938385,1 LT,,14.09,19.99,0
EFFEN BLLOD ORANGE,Vodka,80686938507,1.75 LT,,37.09,39.99,0
VOX VODKA,Vodka,80686940463,750 ML,Single,21.09,23.99,0
GEORGI PEACH 200 ML,Vodka,80853225805,200 ML,,0.85,1.86,0
GEORGI RASPBERRY  375 ML,Vodka,80853226550,375 ML,,1.05,2.74,0
GEORGI POMEGRANATE  1.75 LITER,Vodka,80853227465,1.75 LT,,5,7.99,0
GEORGI POMEGRANATE 375 ML,Vodka,80853227496,200 ML,,1.05,2.74,0
GEORGI POMEGRANATE  200 ML,Vodka,80853227502,200 ML,,0.84,1.86,0
FINLANDIA RED BERY,Vodka,81128044893,750 ML,Single,19.09,27.99,0
SMIRNOFF VODKA,Vodka,82000000068,750 ML,,11.79,14.99,4
SMIRNOFF 100 PROOF 1LTR,Vodka,82000000099,1 LT,,20.99,21.99,0
SMIRNOFF 100 PROOF 1.75LITER,Vodka,82000105749,1.75 LT,,19.09,24.99,0
SMIRNOFF VODKA,Vodka,82000727606,1.75 LT,,19.29,23.99,2
SMIRNOFF VODKA STRAWBERRY,Vodka,82000729327,50 ML,,0.7,1.17,1
SMIRNOFF BLACK CHERRY,Vodka,82000731542,375 ML,,4.79,5.99,0
SMIRNOFF SORBET LIGHT MANGO,Vodka,82000761440,750 ML,Single,9,9.99,0
SMIRNOFF SORBET LIGHT LEMON,Vodka,82000761525,750 ML,Single,10,10.99,0
SHADY FRUIT GRAPEFRUIT,Vodka,82000773207,750 ML,,1.59,3.5,0
SHADY FRUIT ORANGE,Vodka,82000773221,750 ML,,1.59,3.5,0
SMIRNOFF SPICY TAMARIND,Vodka,82000783534,750 ML,,11.79,14.99,1
SMIRNOFF PINK LEMONADE,Vodka,82000797203,750 ML,,11.79,13.99,4
SMIRNOFF SPICY TAMARIND,Vodka,82000802167,1.75 LT,,19.29,23.99,1
SMIRNOFF BLUERASPBERRY,Vodka,82000802181,750 ML,,11.79,14.99,7
SMIRNOFF SPICY TAMARIND,Vodka,82000806165,375 ML,,4.99,7.51,0
SMIRNOFF RED WHITE BERRY,Vodka,8253202,50 ML,,0.7,1.17,114
CIROC SUMMER WATERMELON,Vodka,8264004,50 ML,,1.29,2.11,28
SMIRNOFF PINK LEMONADE,Vodka,8267807,50 ML,,0.7,0.94,0
CIROC SUMMER CITRUS,Vodka,8268204,50 ML,,1.29,2.11,30
CIROC PASSION,Vodka,8269407,50 ML,,1.29,2.11,75
CIROC LIMONATA,Vodka,8271402,50 ML,,1.29,2.11,33
SMIRNOFF GUAVA,Vodka,8273507,50 ML,,0.7,0.94,74
CHAMBORD FLAVORED VODKA 750ML,Vodka,83300000031,750 ML,,20.09,24.99,0
STOLI VANIL,Vodka,83664871926,750 ML,Single,19.09,21.99,0
STOLICHNAYA STICKI 50 ML,Vodka,83664872657,50 ML,,0.69,0.94,0
STOLI CHOCOLATE VODKA 50ML,Vodka,83664872930,50 ML,,0.69,0.94,0
FINLANDIA CRANBERRY VODKA 750,Vodka,83960137818,750 ML,,15.09,15.99,0
PRAVDA VODKA 750ML,Vodka,84380422041,750 ML,,8,14,0
LAIRDS VODKA,Vodka,84848501103,1.75 LT,,12.79,15.99,2
LAIRDS VODKA,Vodka,84848501202,1 LT,,7.49,10.99,9
LAIRDS VODKA,Vodka,84848501301,750 ML,,6.59,8.99,5
LAIRDS VODKA,Vodka,84848501509,200 ML,,1.86,2.58,2
LAIRDS VODKA,Vodka,84848501905,375 ML,,3.31,4.46,0
STERLING VODKA,Vodka,84848505316,750 ML,,5.7,5.99,0
STERLING VODKA,Vodka,84848505903,375 ML,Single,2.66,2.99,0
NEW AMSTERDAM PINEAPPLE,Vodka,85000002315,750 ML,,10.79,13.99,6
NEW AMSTERDAM VODKA,Vodka,85000019467,100 ML,,1.8,2.57,40
NEW AMSTERDAM VODKA,Vodka,85000019474,200 ML,,3.58,5.16,10
NEW AMSTERDAM VODKA,Vodka,85000019498,750 ML,,10.79,13.99,19
NEW AMSTERDAM VODKA,Vodka,85000019504,1 LT,,10.83,13.99,0
NEW AMSTERDAM BERRY,Vodka,85000020326,750 ML,,11.09,13.99,0
NEW AMSTERDAM PEACH,Vodka,85000020333,750 ML,,10.79,13.99,4
NEW AMSTERDAM BERRY,Vodka,85000020364,375 ML,,5.75,7.97,11
NEW AMSTERDAM BERRY,Vodka,85000020371,200 ML,,3.54,5.16,1
NEW AMSTERDAM PEACH,Vodka,85000020395,375 ML,,5.54,7.97,1
NEW AMSTERDAM PEACH,Vodka,85000020401,200 ML,,3.58,5.16,34
NEW AMSTERDAM PEACH,Vodka,85000020418,100 ML,,1.9,2.57,6
NEW AMSTERDAM COCONUT,Vodka,85000021347,200 ML,,3.79,5.16,6
NEW AMSTERDAM COCONUT,Vodka,85000021354,375 ML,,5.54,7.97,19
NEW AMSTERDAM COCONUT,Vodka,85000021361,750 ML,,10.79,13.99,0
NEW AMSTERDAM PEACH,Vodka,85000021644,1 LT,,10.83,13.99,0
NEW AMSTERDAM PEACH,Vodka,85000021651,1.75 LT,,19.29,22.99,4
NEW AMSTERDAM BERRY,Vodka,85000021668,1 LT,,10.83,15.99,0
NEW AMSTERDAM COCONUT,Vodka,85000021682,1 LT,,10.82,15.99,0
NEW AMSTERDAM PINEAPPLE,Vodka,85000022283,100 ML,,1.8,2.57,10
NEW AMSTERDAM PINEAPPLE,Vodka,85000022290,200 ML,,3.58,5.16,15
NEW AMSTERDAM PINEAPPLE,Vodka,85000022306,375 ML,,5.54,7.97,23
NEW AMSTERDAM PINEAPPLE,Vodka,85000022320,1 LT,,10.83,13.99,0
NEW AMSTERDAM PINEAPPLE,Vodka,85000022337,1.75 LT,,19.29,22.99,2
NEW AMSTERDAM MANGO,Vodka,85000023167,200 ML,,3.58,5.16,22
NEW AMSTERDAM MANGO,Vodka,85000023174,375 ML,,5.54,7.97,9
NEW AMSTERDAM MANGO,Vodka,85000023181,750 ML,,11.09,13.99,1
NEW AMSTERDAM MANGO,Vodka,85000023198,1 LT,,10.83,15.99,0
NEW AMSTERDAM GRAPEFRUIT,Vodka,85000023563,750 ML,,11.09,13.99,1
NEW AMSTERDAM GRAPEFRUIT,Vodka,85000023570,1 LT,,10.83,15.99,0
NEW AMSTERDAM GRAPEFRUIT,Vodka,85000024270,200 ML,,3.58,5.16,0
NEW AMSTERDAM GRAPEFRUIT,Vodka,85000024287,375 ML,,5.54,7.97,9
NEW AMSTERDAM VODKA 100P,Vodka,85000024300,375 ML,,6.29,8.44,14
NEW AMSTERDAM VODKA 100P,Vodka,85000024317,750 ML,,11.79,15.99,4
NEW AMSTERDAM APPLE,Vodka,85000024850,200 ML,,3.58,5.16,9
NEW AMSTERDAM APPLE,Vodka,85000024867,375 ML,,5.54,7.97,10
NEW AMSTERDAM APPLE,Vodka,85000024874,750 ML,,11.09,13.99,0
NEW AMSTERDAM APPLE,Vodka,85000025291,1 LT,,10.83,15.99,9
NEW AMSTERDAM RASPBERRY,Vodka,85000026137,200 ML,,3.54,5.16,1
NEW AMSTERDAM RASPBERRY,Vodka,85000026144,375 ML,,5.75,7.97,0
NEW AMSTERDAM PINK WHITNEY,Vodka,85000029626,750 ML,,10.79,13.99,9
NEW AMSTERDAM WATERMELON,Vodka,85000030004,200 ML,,3.58,5.16,6
NEW AMSTERDAM WATERMELON,Vodka,85000030912,375 ML,,5.54,7.97,6
NEW AMSTERDAM WATERMELON,Vodka,85000030929,750 ML,,10.79,13.99,0
NEW AMSTERDAM WATERMELON,Vodka,85000030943,1.75 LT,,19.29,22.99,4
NEW AMSTERDAM VODKA,Vodka,85000031810,375 ML,,5.54,7.97,3
NEW AMSTERDAM PINK WHITNEY,Vodka,85000032534,200 ML,,3.33,5.16,18
NEW AMSTERDAM PINK WHITNEY,Vodka,85000032541,375 ML,,5.54,7.97,3
NEW AMSTERDAM PASSION,Vodka,85000034170,200 ML,,3.58,5.16,13
NEW AMSTERDAM PASSION,Vodka,85000034187,375 ML,,5.54,7.97,28
NEW AMSTERDAM PASSION,Vodka,85000034194,750 ML,,10.79,13.99,7
NEW AMSTERDAM PASSION FRUIT,Vodka,85000034200,1.75 LT,,19.29,22.99,6
KETEL ONE VODKA,Vodka,85156122158,375 ML,,10.09,12.99,10
KETAL ONE ORANJE 375 ML,Vodka,85156437009,375 ML,,9.09,9.49,0
KETEL ONE ORANJE,Vodka,85156475001,750 ML,,9.99,11.99,0
KETEL ONE VODKA,Vodka,85156515417,750 ML,,18.99,23.99,4
KETEL ONE PEACH ORANGE,Vodka,85156675005,750 ML,,19.98,24.99,2
KETEL ONE GRAPEFRUIT ROSE,Vodka,85156710003,1 LT,,25,31.99,0
KETEL ONE GRAPEFRUIT ROSE,Vodka,85156775002,750 ML,,19.98,24.99,1
KETEL ONE VODKA,Vodka,85156803682,1.75 LT,,39,44.99,3
KETEL ONE CUCUMBER MINT,Vodka,85156875009,750 ML,,19.98,24.99,3
TRAVELERS VODKA,Vodka,85232118006,1.75 LT,,8,10.99,22
NEW AMSTERDAM GRAPEFRUIT,Vodka,8563802,50 ML,,0.7,1.17,122
NEW AMSTERDAM PASSION,Vodka,8568001,50 ML,,0.7,1.17,83
BENJAMIN BANANA,Vodka,8568807,50 ML,,0.39,0.94,103
BENJAMIN PINEAPPLE,Vodka,8568904,50 ML,,0.39,0.94,125
BENJAMIN PEACH,Vodka,8569602,50 ML,,0.39,0.94,40
BENJAMIN APPLE,Vodka,8570006,50 ML,,0.39,0.94,91
BENJAMIN PEANUT BUTTER,Vodka,8575409,50 ML,,0.39,0.94,98
SAO PAULA CACHACA VODKA,Vodka,86072085077,1 LT,Single,11.09,19.99,0
UV CHERRY VODKA 750ML,Vodka,87116014442,750 ML,,9.09,14.99,0
UV ORANGE,Vodka,87116014466,750 ML,Single,4.49,6.99,0
UV BLUE VODKA 750ML,Vodka,87116014480,750 ML,,9.09,14.99,0
UV GRAPE VODKA 750ML,Vodka,87116014770,750 ML,,9.09,14.99,0
UV LEMINADE VODKA 750ML,Vodka,87116014879,750 ML,,9.09,14.99,0
UV COCONUT VODKA 750ML,Vodka,87116015241,750 ML,,9.09,14.99,0
UV SWEET GREEN TEA VODKA 750ML,Vodka,87116015272,750 ML,,8.09,8.99,0
UV PEACH,Vodka,87116015821,750 ML,Single,4.49,6.99,0
UV SRIRACHA,Vodka,87116016385,750 ML,Single,8.09,8.99,0
BELVEDERE VODKA 375ML,Vodka,87116069657,375 ML,,14.79,18.99,0
BELVEDERE VODKA 750ML,Vodka,87116069688,750 ML,,27.09,29.99,0
BELVEDERE VODKA,Vodka,87116069732,1.75 LT,,44.09,49.99,0
BELVEDERE VODKA 200ML,Vodka,87116069794,200 ML,,8.49,11.99,0
BELVEDERE CYTRUS 750ML--NO MOR,Vodka,87116069954,750 ML,,27.09,29.99,0
BELVEDERE POMARANCZA 750ML --,Vodka,87116069961,750 ML,,27.09,29.99,0
IMPERIA VODKA 1.75 LITER,Vodka,87236700034,1.75 LT,,55.09,55.99,0
VODA VODKA,Vodka,87752018637,1.75 LT,,10.98,13.99,21
VODA VODKA,Vodka,87752018644,1 LT,,7.15,9.99,11
VODA VODKA,Vodka,87752018651,750 ML,,6.15,7.99,17
VODA VODKA,Vodka,87752018668,375 ML,,3.02,4.21,38
VODA VODKA,Vodka,87752018675,200 ML,,1.72,2.35,48
LVOV VODKA,Vodka,87752020869,1.75 LT,,15.75,18.99,0
LVOV VODKA,Vodka,87752020876,1 LT,,9.71,12.99,0
LVOV VODKA,Vodka,87752020883,750 ML,,7.49,9.99,0
SVEDKA BLUE RASPBERRY,Vodka,88004071158,750 ML,,8.79,11.99,12
SVEDKA BLUE RASPBERRY,Vodka,88004071202,1.75 LT,,15.99,19.99,6
SVEDKA VODKA,Vodka,88004071233,375 ML,,3.56,5.99,23
SVEDKA VODKA 100 P,Vodka,88004071370,1.75 LT,,15.99,19.99,6
SVEDKA PEACH,Vodka,88004071752,375 ML,,3.56,5.99,3
SVEDKA BLACKBERRY,Vodka,88004071776,375 ML,,3.56,5.99,20
SVEDKA VANILLA,Vodka,88004071943,375 ML,,3.56,5.99,5
SVEDKA STRAWBERRY,Vodka,88004072032,375 ML,,3.56,5.99,20
SVEDKA BANANA,Vodka,88004072124,375 ML,,3.56,5.99,5
SVEDKA PEACH,Vodka,88004072186,1.75 LT,,15.99,19.99,6
CIROC VODKA,Vodka,88076162655,375 ML,,14.09,17.99,2
CIROC VODKA,Vodka,88076173774,200 ML,,8.19,10.99,11
CIROC COCONUT,Vodka,88076174948,375 ML,,14.09,17.99,8
CIROC RED BERRY,Vodka,88076175044,375 ML,,14.09,17.99,3
CIROC PEACH,Vodka,88076177390,375 ML,,14.09,17.99,9
CIROC PEACH,Vodka,88076177406,750 ML,,29.09,34.99,8
CIROC PEACH,Vodka,88076177420,1.75 LT,,60.08,64.99,1
CIROC COCONUT,Vodka,88076177796,200 ML,,8.19,10.99,0
CIROC RED BERRY,Vodka,88076177802,200 ML,,8.19,10.99,0
CIROC PEACH,Vodka,88076178403,200 ML,,8.19,10.99,0
CIROC PINEAPPLE,Vodka,88076179066,200 ML,,8.19,10.99,0
CIROC PINEAPPLE,Vodka,88076179073,375 ML,,14.09,17.99,12
CIROC PINEAPPLE,Vodka,88076179080,750 ML,,29.09,34.99,5
CIROC PINEAPPLE,Vodka,88076179103,1.75 LT,,60.08,64.99,1
CIROC APPLE,Vodka,88076180437,200 ML,,8.19,10.99,-3
CIROC APPLE,Vodka,88076180444,375 ML,,14.09,17.99,14
CIROC APPLE,Vodka,88076180475,1.75 LT,,60.08,64.99,2
CIROC SUMMER WATERMELON,Vodka,88076185463,375 ML,,14.09,17.99,6
CIROC SUMMER CITRUS,Vodka,88076187023,375 ML,,14.09,17.99,10
CIROC PASSION,Vodka,88076187399,750 ML,,29.09,34.99,4
CIROC PASSION FRUIT,Vodka,88076188167,375 ML,,14.09,17.99,4
CIROC LIMONATA,Vodka,88076189423,375 ML,,14.09,17.99,7
CIROC STRAWBERRY LIMONADE,Vodka,88076190283,750 ML,,29.09,34.99,9
WAVE LEMON LIME,Vodka,89000150069,1 LT,Single,6.39,9.99,0
WAVE PINK LEMONADE,Vodka,89000182763,1.75 LT,Single,7.49,11.99,0
WAVE COCONUT,Vodka,89000194056,750 ML,Single,6.39,6.99,0
WAVE WIPPED CREAM,Vodka,89000220014,750 ML,Single,6.39,6.99,0
WAVE WHIPPED CREAM,Vodka,89000220090,1.75 LT,,7.49,9.99,0
WAVE CHERRY VODKA 50 ML,Vodka,89000500697,50 ML,,0.55,0.93,0
99 GRAPES,Vodka,89000990733,1 LT,Single,4.09,4.99,0
C.C. CITRUS 750ML,Vodka,89540390581,750 ML,,9.09,9.99,0
PINNACLE COCONUT VODKA 375 ML,Vodka,89708451031,375 ML,,5,6.99,0
PINNACLE CAKE 750 ML,Vodka,89708458450,750 ML,,11.29,14.99,0
PINNACLE CAKE VODKA 1 LTR,Vodka,89708458467,1 LT,,13.99,16.99,0
PINNACLE PINEAPPLE 750 ML,Vodka,89708458542,750 ML,,11.29,14.99,0
PINNACLE BLACKBERRY VODKA 750,Vodka,89708458641,750 ML,,11.49,11.99,0
PINNACLE WHIPPED 750 ML,Vodka,89708460705,750 ML,,11.29,14.99,0
PINNACLE WHIPPED VODKA 1 LTR,Vodka,89708460729,1 LT,,13.99,16.99,0
PINNACLE CHERRY LEMINADE 750 M,Vodka,89708461702,750 ML,,11.29,14.99,0
PINNACLE CHERRY LEMONADE 1 LTR,Vodka,89708461719,1 LT,,13.99,16.99,0
PINNACLE VODKA 1 LTR,Vodka,89708465267,1 LT,,13.79,16.99,0
PINNACLE VODKA 750 ML,Vodka,89708465427,750 ML,,11.29,14.99,0
COSMO APPLE MARTINI  750ML,Vodka,89708482608,750 ML,,12.49,13.99,0
DEVOTION INFUSED,Vodka,94922169891,750 ML,Single,17.09,17.99,0
DEVOTION BLACK & BLUE,Vodka,94922169921,750 ML,Single,17.09,17.99,0
KHORYTSA VODKA,Vodka,4820163121710,100 ML,,0.99,1.64,0
NEW AMSTERDAM VODKA,Vodka,5154700000,1.75 LT,,19.29,22.99,3
CIROC FRENCH VINIALLA,Vodka,5301400000,1.75 LT,,57.09,65.99,0
SKY 90,Vodka,5308100000,750 ML,Single,25.09,30.99,0
CIROC MANGO,Vodka,5312100000,1.75 LT,Single,57.09,65.99,0
SVEDKA STRAWBERRY LEMON,Vodka,617768141014,100 ML,,1.39,1.4,0
SVEDKA STRAWBERRY LEMON,Vodka,617768141106,1 LT,,13.09,16.99,7
SVEDKA STRAWBERRY LEMONADE,Vodka,617768141175,1.75 LT,,15.99,19.99,6
SVEDKA STRAWBERRY LEMONADE,Vodka,617768141755,750 ML,,8.79,11.99,12
SVEDKA MANGO PINEAPPLE,Vodka,617768151105,1 LT,,13.09,16.99,3
SVEDKA MANGO PINEAPPLE,Vodka,617768151174,1.75 LT,,15.99,19.99,6
SVEDKA MANGO PINEAPPLE,Vodka,617768151754,750 ML,,8.79,11.99,12
SVEDKA BLUE RASPBERRY,Vodka,617768201015,100 ML,,1.39,1.4,0
SVEDKA CHERRY LIMEADE,Vodka,617768291177,1.75 LT,,15.99,19.99,6
SVEDKA CHERRY LIMEADE,Vodka,617768291757,750 ML,,8.79,11.99,12
TITOS VODKA,Vodka,619947000013,1 LT,,23.09,23.99,0
TITOS VODKA,Vodka,619947000020,750 ML,,19.09,22.99,57
TITOS VODKA,Vodka,619947000037,1.75 LT,,31.09,32.99,102
TITOS VODKA,Vodka,619947000044,200 ML,,5.99,7.98,48
TITOS VODKA,Vodka,619947000051,375 ML,,9.74,12.99,79
TITOS VODKA,Vodka,619947000099,50 ML,,1.33,1.88,675
EXCLUSIV COCONUT,Vodka,699733000502,1.75 LT,,14.99,15.99,1
EXCLUSIV COCONUT,Vodka,699733000564,375 ML,,4.59,6.1,1
EXCLUSIV ROSE,Vodka,699733000700,200 ML,,2.5,2.99,0
EXCLUSIV PEACH,Vodka,699733000922,375 ML,,4.59,6.1,1
EXCLUSIV PEACH,Vodka,699733000946,750 ML,,8.49,10.99,1
EXCLUSIV APPLE,Vodka,699733001622,375 ML,,4.59,6.1,1
RUSALKA LIME MINT,Vodka,701254522255,1 LT,,3.33,9.99,35
SEAGRAMS WATERMELON,Vodka,720815980228,375 ML,,2.99,6.57,0
SEAGRAMS PINEAPPLE,Vodka,720815980327,375 ML,,2.99,6.57,0
SEAGRAMS PINEAPPLE,Vodka,720815980334,750 ML,,9.09,10.99,0
SEAGRAMS PINEAPPLE,Vodka,720815980648,1.75 LT,,16.09,18.99,0
SEAGRAMS MANGO PINEAPPLE,Vodka,720815981102,50 ML,,0.93,0.94,1
SEAGRAMS STRAW LEMON,Vodka,720815981508,50 ML,,0.49,0.94,0
SEAGRAMS VODKA,Vodka,720815985308,50 ML,,0.69,0.94,0
SEAGRAMS VODKA,Vodka,720815985575,200 ML,,1.49,3.75,0
SEAGRAMS VODKA,Vodka,720815985735,750 ML,,9.09,10.99,0
SEAGRAMS SWEET TEA VODKA,Vodka,720815986800,50 ML,,0.49,0.94,0
SEAGRAMS SWEET TEA VODKA 200ML,Vodka,720815986978,200 ML,,3.15,4.5,0
SEAGRAMS SWEET TEA VODKA 375ML,Vodka,720815987029,375 ML,,4.79,7.99,0
SEAGRAMS SWEET TEA,Vodka,720815987135,750 ML,,9.09,9.99,5
SEAGRAMS PEACH TEA,Vodka,720815987609,50 ML,,0.25,0.7,0
SEAGRAMS PEACH,Vodka,720815988446,1.75 LT,,16.09,18.99,1
SEAGRAMS PEACH,Vodka,720815988675,200 ML,,1.49,3.75,0
SEAGRAMS PEACH,Vodka,720815988729,375 ML,,2.99,6.57,0
SKYY 200ML,Vodka,721059002004,200 ML,,5.09,5.99,0
SKYY 375 ML,Vodka,721059003759,375 ML,,8.09,8.99,0
12 OUZO VODKA,Vodka,721059087506,750 ML,Single,10,10.99,0
SKYY 750ML,Vodka,721059387507,750 ML,,15.09,19.99,0
SKYY PINEAPPLE 750 ML,Vodka,721059697507,750 ML,,14.09,15.99,0
SKYY COCONUT VODKA 750 ML,Vodka,721059877503,750 ML,,10.61,19.99,0
DOUBLE CROSS VODKA 750 ML,Vodka,736040510109,750 ML,,36.09,39.99,0
Z VODKA,Vodka,792105782119,1.75 LT,,7.83,10.99,27
SLRP FLAVOURED VODKA,Vodka,796752228600,50 ML,,0.82,1.17,0
V2 VODKA,Vodka,798636020003,750 ML,Single,7.99,10.99,0
MAGIC MOMENTS VODKA,Vodka,811272020005,1 LT,Single,10.99,13.99,0
THREE OLIVES VODKA,Vodka,811538011815,50 ML,,0.66,0.94,626
THREE OLIVES VODKA,Vodka,811538015219,1.75 LT,,22.99,25.99,0
STOLI RASBERRY,Vodka,811751020458,1.75 LT,Single,11,13.99,0
STOLI  VANIL,Vodka,811751020489,1 LT,Single,24.09,25.99,0
STOLICHNAYA VANILLA VODKA 50ML,Vodka,811751020984,50 ML,,0.69,1.17,0
SWENTY GRAND 750ML,Vodka,812459011809,750 ML,,23.09,23.49,0
SMIRNOFF 100 PROOF 750ML,Vodka,820100,750 ML,,14.09,17.99,0
SMIRNOFF 100 PROOF 200ML,Vodka,820120,200 ML,,4.69,5.25,0
SMIRNOFF VODKA GREEN APPLE,Vodka,821000,50 ML,,0.7,1.17,90
SMIRNOFF VODKA WATERMELON,Vodka,821160,50 ML,,0.7,1.17,120
SMIRNOFF VODKA PINEAPPLE,Vodka,822440,50 ML,,0.7,1.17,0
CIROC COCONUT,Vodka,822560,50 ML,,1.29,2.11,22
CIROC RED BERRY,Vodka,822580,50 ML,,1.29,2.11,19
CIROC PEACH,Vodka,823080,50 ML,,1.29,2.11,14
CIROC PINEAPPLE,Vodka,823710,50 ML,,1.29,2.11,41
SMIRNOFF VODKA RASPBERRY,Vodka,824000,50 ML,,0.7,1.17,0
SMIRNOFF VODKA,Vodka,824720,50 ML,,0.7,1.17,189
CIROC APPLE,Vodka,825240,50 ML,,1.29,2.11,39
CIROC MANGO,Vodka,825360,50 ML,,1.29,2.11,-1
SMIRNOFF VODKA,Vodka,825610,375 ML,,4.99,7.51,37
SMIRNOFF 100 PROOF 375ML,Vodka,825620,375 ML,,6.89,9.99,0
ABSOLUT VODKA,Vodka,835229000001,50 ML,,0.89,1.64,0
ABSOLUT VODKA,Vodka,835229000100,200 ML,,6.49,8.68,41
ABSOLUT VODKA,Vodka,835229000209,375 ML,,11.67,15.48,21
ABSOLUT VODKA,Vodka,835229000308,750 ML,,17.09,24.99,4
ABSOLUT VODKA,Vodka,835229000407,1 LT,,23.59,29.99,0
ABSOLUT VODKA,Vodka,835229000605,1.75 LT,,29.09,32.99,2
ABSOULTR ELYX,Vodka,835229000711,750 ML,Single,25.09,29.99,0
ABSOULT VODKA APPLE,Vodka,835229000803,750 ML,,19.09,19.99,0
ABSOULT VODKA APEACH,Vodka,835229001138,750 ML,,19.09,19.99,0
ABSOLUT VODKA APEACH,Vodka,835229001145,1 LT,,23.59,29.99,0
ABSOLUT RUBY RED,Vodka,835229001244,1 LT,,23.59,29.99,0
ABSOULT VODKA PEARS,Vodka,835229001336,750 ML,,19.09,19.99,0
ABSOLUT VODKA PEAR,Vodka,835229001343,1 LT,,23.59,29.99,0
ABSOULT VODKA MANGO,Vodka,835229001428,750 ML,,19.09,19.99,0
ABSOLUT VODKA MANGO,Vodka,835229001435,1 LT,,23.59,29.99,0
ABSOLUT MANDRIN,Vodka,835229002005,50 ML,,0.69,0.94,0
ABSOULT VODKA PEPPAR,Vodka,835229004306,750 ML,,19.09,19.99,3
ABSOLUT VODKA PEPPAR,Vodka,835229004405,1 LT,,23.59,23.99,0
ABSOLUT BLACK 100P,Vodka,835229005426,750 ML,,21.09,22.99,0
ABSOLUT BLACK 100P,Vodka,835229005433,375 ML,,11.09,14.99,0
ABSOULT VODKA VANILLA,Vodka,835229006300,750 ML,,19.09,19.99,0
LEVEL VODKA,Vodka,835229007307,750 ML,,8.99,11.99,0
ABSOULT VODKA RASPBERRI,Vodka,835229008304,750 ML,,19.09,19.99,0
ABSOULT VODKA RASPBERRY,Vodka,835229008403,1 LT,,23.59,29.99,0
ABSOLUT LIME,Vodka,835229010253,50 ML,,0.69,1.17,0
ABSOLUT GRAPEFRUIT,Vodka,835229010406,50 ML,,0.69,0.94,9
ABSOLUT GRAPEFRUIT,Vodka,835229010420,375 ML,,11.69,12.99,4
ABSOLUT APPLE,Vodka,835229010765,50 ML,,0.69,1.17,0
ABSOLUT STRAWBERRY,Vodka,835229010772,50 ML,,0.69,1.17,0
ABSOLUT WILD BERRY,Vodka,835229011045,50 ML,,0.69,0.94,2
GARYS GOOD VODKA,Vodka,850947003257,1.75 LT,,11.67,13.99,0
GARYS GOOD VODKA,Vodka,850947003271,375 ML,,4,5.4,7
GOODNOFF VODKA,Vodka,853936007656,1 LT,,5,7.99,19
GOODNOFF VODKA,Vodka,853936007663,750 ML,,4.42,6.99,0
NEW AMSTERDAM BERRY,Vodka,855750,50 ML,,0.7,1.17,111
NEW AMSTERDAM PEACH,Vodka,855780,50 ML,,0.7,1.17,107
WESTERN SON LIME,Vodka,855939007176,750 ML,,10,10.99,0
NEW AMSTERDAM COCONUT,Vodka,855960,50 ML,,0.7,1.17,90
NEW AMSTERDAM PINEAPPLE,Vodka,856210,50 ML,,0.7,1.17,80
NEW AMSTERDAM MANGO,Vodka,856340,50 ML,,0.7,1.17,110
NEW AMSTERDAM VODKA 100P,Vodka,856460,50 ML,,0.71,1.17,98
NEW AMSTERDAM APPLE,Vodka,856560,50 ML,,0.7,1.17,51
NEW AMSTERDAM RASPBERRY,Vodka,856620,50 ML,,0.7,1.17,128
NEW AMSTERDAM WATERMELON,Vodka,856740,50 ML,,0.7,1.17,68
NEW AMSTERDAM PINK WHITNEY,Vodka,856750,50 ML,,0.7,1.17,36
VALENTINE VODKA,Vodka,857318002024,750 ML,,4,9.99,0
VALENTINE VODKA GIFT SET,Vodka,857318002178,750 ML,,7,9.99,0
NEW AMSTERDAM VODKA,Vodka,858800,50 ML,,0.7,1.17,43
TOMMY GUNS VODKA,Vodka,874756000115,750 ML,,41,52.99,3
CIROC HONEY MELON,Vodka,88076188198,750 ML,,15.99,22.99,2
PRIDE & CLARK,Vodka,892420001114,1 LT,,6.67,10.99,8
PRIDE & CLARKE,Vodka,892420001206,1.75 LT,,11.58,14.99,5
PRIDE & CLARKE,Vodka,892420001213,750 ML,,5.38,7.99,10
PRIDE & CLARK,Vodka,892420001220,375 ML,,2.88,4.21,6
PRIDE & CLARKE,Vodka,892420001510,200 ML,,1.58,2.34,0
GOODNOFF VODKA,Vodka,893828001485,1.75 LT,,8.42,10.99,11
KIRKLAND WATER,Water,96619756803,16 OZ,,0.08,0.75,0
PURE AQUA SPRING WATER,Water,4099100319675,,,0.86,2.5,0
JP WISERS RYE 50ML,Whisky,48415520201,50 ML,,0.9,0.93,0
JP WISERS WHISKEY 50ML,Whisky,48415520249,50 ML,,0.5,0.93,0
NEAREST GREEN TENNESSEE,Whisky,51497461539,750 ML,,23.49,29.99,3
HOONAD HOUSE WHISHKEY SOUR 1 L,Whisky,70860013700,1 LT,,2.39,4.75,0
BLANTONS ORIGINAL SINGLE,Whisky,80244002039,750 ML,,63.01,149.99,1
BUFFALO TRACE,Whisky,80244009236,750 ML,,24.19,39.99,19
ROYAL SALUTE 21 YEAR,Whisky,80432001103,750 ML,,201.08,209.99,0
JAMESON IRISH WHISKEY,Whisky,80432002131,750 ML,,29.09,34.99,4
THE GLENLIVET 15 YEARS,Whisky,80432100783,750 ML,,80.08,93.99,1
WILD TURKEY AMERICAN HONEY  50,Whisky,80432103371,50 ML,,0.69,0.93,0
CHIVAS REGAL 18 YEAR OLD 1LTR,Whisky,80432103807,1 LT,,82.09,84.99,0
JAMESON IRISH WHISKY,Whisky,80432113141,50 ML,,1.49,1.88,52
CHIVAS REGAL 12 YEAR,Whisky,80432400340,50 ML,,1.49,1.85,0
CHIVAS REGAL   200ML,Whisky,80432400364,200 ML,,10.19,11.99,0
CHIVAS REGAL 12 YEAR,Whisky,80432400395,750 ML,,28.09,35.99,2
CHIVAS REGAL  1.75 LITER,Whisky,80432400463,1.75 LT,,53,66.99,0
THE GLENLIVET 12 YEARS,Whisky,80432400630,750 ML,,59.48,65.99,0
JAMESON IRISH WHISKEY,Whisky,80432500125,200 ML,,10.48,12.99,0
JAMESON IRISH WHISKEY,Whisky,80432500149,375 ML,,15.09,19.99,4
ABERLOUR SINGLE MALT AGED 10YR,Whisky,80432524176,750 ML,,51.09,51.09,0
WILD TURKEY  375 ML,Whisky,80432555149,375 ML,,8.99,13.5,0
DEWARS 18 YEARS,Whisky,80480000127,750 ML,,59.09,69.99,2
DEWARS 15 YEARS,Whisky,80480005221,750 ML,,39.09,49.99,2
DEWARS WHITE  LABEL,Whisky,80480230005,1.75 LT,,33.09,39.99,2
DEWARS WHITE  LABEL,Whisky,80480230036,375 ML,,6.99,9.39,4
DEWARS WHITE LABEL  200 ML,Whisky,80480230050,200 ML,,7.29,8.99,0
DEWARS WHITE LABEL,Whisky,80480230074,50 ML,,0.89,1.17,240
DEWARS 12 YEARS,Whisky,80480231026,750 ML,,26.09,33.99,2
DEWAR'S WHISKY 12 YR 375ML,Whisky,80480231033,375 ML,,18.59,19.99,0
JIM BEAM BOURBON,Whisky,80686001409,750 ML,,22.58,26.99,3
JIM BEAM BOURBON,Whisky,80686001607,375 ML,,12.33,15.99,0
JIM BEAM BOURBON,Whisky,80686001904,50 ML,,0.89,1.17,166
JIM BEAM HONEY,Whisky,80686006060,750 ML,,22.58,26.99,2
JIM BEAM HONEY,Whisky,80686006084,375 ML,,0.54,15.99,3
JIM BEAM HONEY,Whisky,80686006091,50 ML,,0.89,1.17,2
JIM BEAM APPLE,Whisky,80686006589,50 ML,,0.89,1.17,91
JIM BEAM PEACH,Whisky,8068602117,50 ML,,0.89,1.17,54
OLD GRAND-DAD WHISKEY 86 PROOF,Whisky,80686407409,750 ML,,9.09,18.99,0
OLD GRAND  DAD 100 PROOF   750,Whisky,80686408406,750 ML,,19.09,20.99,0
OLD GRAND DAD 100P  375ML,Whisky,80686408604,375 ML,,9.09,9.99,0
OLD GRAND DAD 100 PROOF  200 M,Whisky,80686408703,200 ML,,3.3,7.49,0
OLD GRAND DAD 100 P   100ML,Whisky,80686408802,100 ML,,2.09,3.5,0
OLD GRAND-DAD WHISKEY 375ML,Whisky,80686418047,375 ML,,8.29,8.34,0
WOODFORD RESERVE BOURBON,Whisky,81128001506,750 ML,,25,34.99,0
SLANE IRISH WHISKEY,Whisky,81128002145,750 ML,Single,23.99,24.99,4
CANADIAN MIST 750ML,Whisky,81128023164,750 ML,,10.49,12.99,0
CANADIAN MIST 375ML,Whisky,81128023256,375 ML,,6.29,7.99,1
CANADIAN MIST 200ML,Whisky,81128023300,200 ML,,3.49,4.99,0
COLLINGWOOD,Whisky,81128034061,750 ML,Single,29.09,29.99,0
BUCHANAN DELUXE,Whisky,82000005490,50 ML,,1.09,1.88,84
CROWN ROYAL APPLE,Whisky,82000771555,375 ML,,12.19,15.99,22
CROWN ROYAL APPLE,Whisky,82000771562,750 ML,,31.08,34.99,1
CROWN ROYAL VANILLA,Whisky,82000776581,375 ML,,10.09,15.99,0
CROWN ROYAL PEACH,Whisky,82000782919,750 ML,,28.09,34.99,7
CROWN ROYAL BLACKBERRY,Whisky,82000789550,750 ML,,28.09,34.99,5
CROWN ROYAL PEACH,Whisky,82000795360,1.75 LT,,50.09,54.99,1
CROWN ROYAL PEACH,Whisky,82000795391,375 ML,,12.19,15.99,13
BULLEIT BOURBON,Whisky,82000801085,750 ML,,29.99,36.99,2
CROWN ROYAL HONEY,Whisky,8200774808,750 ML,,26.09,32.99,0
JACK DANIELS BLACK,Whisky,82184000052,50 ML,,1.33,2.11,42
JACK DANIELS HONEY,Whisky,82184000328,1 LT,,32.5,40.99,4
JACK DANIELS HONEY,Whisky,82184000335,750 ML,,27.09,34.99,5
JACK DANIELS HONEY,Whisky,82184000342,375 ML,,9.09,16.99,25
JACK DANIELS HONEY,Whisky,82184000359,50 ML,,1.33,2.11,59
JACK DANIELS HONEY,Whisky,82184000618,1.75 LT,,48.09,54.99,5
JACK DANIELS HONEY,Whisky,82184000625,200 ML,,7.89,10.32,30
JACK DANIELS BLACKBERRY,Whisky,82184008768,50 ML,,0.99,1.41,107
GENTLEMAN JACK,Whisky,82184035016,200 ML,,8.49,10.99,14
GENTLEMAN JACK,Whisky,82184038710,375 ML,,16.08,20.99,0
GENTLEMAN JACK,Whisky,82184038727,750 ML,,29.09,34.99,5
JACK DANIELS BLACK,Whisky,82184081839,100 ML,,4.29,5.75,19
JACK DANIELS BLACK,Whisky,82184090428,1.75 LT,,48.09,54.99,0
JACK DANIELS BLACK,Whisky,82184090442,1 LT,,35.98,40.99,3
JACK DANIELS BLACK,Whisky,82184090503,375 ML,,12.49,16.99,13
JACK DANIELS BLACK,Whisky,82184090527,200 ML,,7.89,10.32,3
JACK DANIELS BLACK,Whisky,82184202036,750 ML,,27.09,34.99,3
JOHNNIE WALKER GOLD LABEL,Whisky,8260804,200 ML,,11.25,18.99,7
CROWN ROYAL PEACH,Whisky,8271305,50 ML,,1.49,1.97,132
INVER HOUSE 1 LITER,Whisky,82928236037,1 LT,,11.19,11.49,0
INVER HOUSE 750ML,Whisky,82928236341,750 ML,,9.59,10.99,0
INVER HOUSE 375ML,Whisky,82928236365,375 ML,,5.19,5.49,0
INVER HOUSE 200ML,Whisky,82928236372,200 ML,,2.79,2.83,0
FLEISCHMANN'S WHISKEY 200ML,Whisky,82928399770,200 ML,,2.39,2.99,0
BLACK BUSH IRISH WHISKEY 750 M,Whisky,83300083287,750 ML,,32.09,32.99,0
GRANTS SCOTCH,Whisky,83664101047,750 ML,,13.09,17.99,0
GLENFIDDICH 12 YEARS,Whisky,83664107360,750 ML,,55.09,64.99,3
CLAN MACGREGOR 750ML,Whisky,83664120772,750 ML,,9.39,12.99,0
CLAN MACGREGOR 375ML,Whisky,83664120949,375 ML,,6.09,7.99,0
CLAN MACGREGOR 200ML,Whisky,83664121076,200 ML,,3.49,4.49,0
GLENFIDDICH 14 YEARS,Whisky,83664873463,750 ML,,59.09,69.99,0
GLENFIDDICH 15 YEARS,Whisky,83664990405,750 ML,,82.09,92.99,0
BALLANTINES WHISKY  750ML,Whisky,85209135654,750 ML,,10.09,13.99,0
MAKERS MARK BOURBON,Whisky,85246139462,200 ML,,9.49,11.99,24
MAKERS MARK BOURBON,Whisky,85246185001,375 ML,,16.09,18.99,48
MAKERS MARK BOURBON,Whisky,85246501474,750 ML,,31.08,35.99,2
OLD GRAND DAD 86 PROOF 1 LITER,Whisky,86259247007,1 LT,,18.09,23.99,0
BULLEIT BOURBON,Whisky,87000004122,375 ML,,15.09,19.99,11
CROWN ROYAL,Whisky,87000007253,750 ML,,30.18,34.99,3
CROWN ROYAL,Whisky,87000007604,375 ML,,12.19,15.99,14
MACALLAN 10 YEARS  750 ML,Whisky,87236100452,750 ML,,30.49,40.65,0
MACALLAN  15 YEARS OLD,Whisky,87236100476,,,60,72.99,0
KING WILLIAM IV  SCOTCH WHISKE,Whisky,87512115149,1 LT,,7.5,9.35,0
KING WILLIAM IV SCOTCH WHISKY,Whisky,87512115156,750 ML,,5,7.5,0
THE DALMORE 12 YEARS,Whisky,87647111672,750 ML,,64.01,74.99,1
BOONDOCKS,Whisky,87752019566,750 ML,Single,30.09,39.99,0
FIREBALL CINNAMON WHISKY,Whisky,88004009281,1.75 LT,,27.7,33.99,6
FIREBALL CINNAMON WHISKY,Whisky,88004009373,100 ML,,1.33,2.11,15
BLACK & WHITE 1.75 LTR,Whisky,88004032722,1.75 LT,,29.09,29.99,0
BLACK & WHITE 750 ML,Whisky,88004032746,750 ML,,16.09,20.99,0
SHEEP DOG PEANUT BUTTER,Whisky,88004038694,50 ML,,0.66,0.94,2
FIREBALL BLAZIN APPLE,Whisky,88004069155,50 ML,,0.7,1.17,80
FIREBALL CINNAMON WHISKY,Whisky,88004144692,750 ML,,15.09,19.99,9
FIREBALL CINNAMON WHISKY,Whisky,88004144722,375 ML,,5.71,9.99,22
FIREBALL CINNAMON WHISKY 200ML,Whisky,88004144739,200 ML,,4.09,5.59,0
MACNAUGHTON CANADIAN WHISKEY 7,Whisky,88076001930,750 ML,,3,7.5,0
MACNAUGHTON CANADIAN,Whisky,88076001954,200 ML,,3.49,3.99,0
JOHNNIE WALKER BLUE,Whisky,88076161597,200 ML,,34.32,44.99,3
JOHNNIE WALKER GREEN,Whisky,88076162624,750 ML,,52,62.99,4
JOHNNIE WALKER RED,Whisky,88076163164,1.75 LT,,32.09,39.99,4
JOHNNIE WALKER BLACK,Whisky,8807616317,1.75 LT,,59.09,64.99,1
WHITE HORSE 750 ML,Whisky,88076171220,750 ML,,19.09,25.99,0
OLD PARR,Whisky,88076174641,750 ML,,27.99,34.99,2
JOHNNIE WALKER DOUBLE BLACK,Whisky,88076177703,750 ML,,35.09,44.99,2
BUCHANAN MASTER,Whisky,88076177789,750 ML,,39.99,49.99,2
JOHNNIE WALKER GOLD LABEL,Whisky,88076178243,750 ML,,56,69.99,2
BUCHANANS,Whisky,88076181175,200 ML,Single,9.09,11.99,0
JOHNNIE WALKER 18 YEARS,Whisky,88076181366,750 ML,,64.09,79.99,2
BUCHANAN PINEAPPLE,Whisky,88076188365,750 ML,,28.49,34.99,0
BUCHANAN PINEAPPLE,Whisky,88076189348,375 ML,,15.99,20.99,2
JOHNNIE WALKER BLUE,Whisky,88076189911,750 ML,,189.09,199.99,6
MACNAUGHTON  375 ML,Whisky,88100460573,375 ML,,4.09,4.99,-1
DIMPLE PINCH  1.75LITER,Whisky,88110000080,1.75 LT,,57,63.99,0
JOHNNIE WALKER BLACK,Whisky,88110011130,200 ML,,8.09,11.99,14
JOHNNIE WALKER BLACK,Whisky,88110011192,375 ML,,13.09,18.99,1
JOHNNIE WALKER BLACK,Whisky,88110011307,750 ML,,29.09,35.99,10
JOHNNIE WALKER RED,Whisky,88110021191,375 ML,,6.99,9.99,27
BUCHANANAS,Whisky,88110955304,1 LT,Single,39.09,45.99,0
BUCHANAN DELUXE,Whisky,88110955328,750 ML,,28.49,34.99,12
BUCHANAN DELUXE,Whisky,88110955335,375 ML,,15.99,19.99,23
J&B RARE SCOTCH WHISKY 750 ML,Whisky,88110985042,750 ML,,19,22.99,0
J&B BLENDED SCOTCH WHISKY 375M,Whisky,88110985080,375 ML,,11.49,12.99,0
J&B  200ML,Whisky,88110985097,200 ML,,6.99,8.99,0
WHITE HORSE 1.75 LTR,Whisky,88320290011,1.75 LT,,22.42,27.5,0
WHITE HORSE 750ML,Whisky,88320290035,750 ML,,12.04,16.99,0
WHITE HORSE 375ML,Whisky,88320290042,375 ML,,6.34,9.99,0
WHITE HORSE 200ML,Whisky,88320290059,200 ML,,3.6,4.5,0
COMFORT CARAMEL,Whisky,88544000809,750 ML,Single,5.09,9.99,0
BALLANTINES WHISKY  375ML,Whisky,89120003443,375 ML,,6.09,7,0
CANADIAN CLUB WHISKY 200ML,Whisky,89540168456,200 ML,,4.99,6.99,0
Cutty Sark Scots Whisky,Whisky,89756420027,1.75 LT,,28.09,28.99,0
CUTTY SARK  200ML,Whisky,89756420072,200 ML,,4.89,6.99,0
ELIJAH CRAIG 1789 BOURBON,Whisky,96749000067,750 ML,,31.99,38.99,3
WILSON 750ML,Whisky,96749008575,750 ML,,5.79,8.99,0
WILSON 750ML,Whisky,96749008582,750 ML,,5.79,8.99,0
WILSON 200ML,Whisky,96749008605,200 ML,,1.82,3,0
WILSON 375ML,Whisky,96749008803,375 ML,,4.13,4.99,0
MACALLAN 12 YEARS,Whisky,1206602159,750 ML,,69.08,79.99,2
WILLIAM WOLF,Whisky,5012000237,750 ML,Single,10.99,11.99,0
GLENDOWER SINGLE MALT SCOTCH W,Whisky,5098300000,750 ML,,33.95,34.95,0
DAILMORE 15YR-VIK,Whisky,5299500000,750 ML,,114.01,149.99,0
DAILMORE 12YR-VIK,Whisky,5299600000,750 ML,,82.09,99.99,1
GLENLIVET 18YR-VIK,Whisky,5299800000,750 ML,,113.09,149.99,0
DELAMIN XO-VIK,Whisky,5299900000,750 ML,,85,99.99,0
CUTTY SARK 200 ML,Whisky,721059052009,200 ML,,4.32,4.35,0
CUTTY SARK 750 ML,Whisky,721059057509,750 ML,,17.09,21.99,0
IRISH MIST HONEY,Whisky,721059507509,750 ML,Single,6.09,19.99,0
AMERICAN HONEY,Whisky,721059815000,50 ML,,0.89,1.17,19
WILD TURKEY BOURBON,Whisky,721059847506,750 ML,,23.08,28.99,3
LION HEAD SCOTCH,Whisky,729440880934,750 ML,,22,31.99,0
DEUTZ BRUT CLASSIC   750 ML,Whisky,753625901008,750 ML,,32.09,34.99,0
FIREBALL CINNAMON WHISKY,Whisky,8004144708,50 ML,,0.7,1.17,32
JAMESON ORANGE,Whisky,80432117330,750 ML,,32.08,38.99,2
8 PM WHISKY,Whisky,811272021477,50 ML,,0.59,0.94,371
RAMPUR DOUBLE CASK,Whisky,811272022047,750 ML,,70.09,79.99,1
RAMPUR ASAVA,Whisky,811272022054,750 ML,,70.09,79.99,1
RAMPUR ASAVA,Whisky,811272022276,50 ML,,0.98,1.64,157
TINCUP 10 YEARS,Whisky,811538014854,750 ML,,35.01,39.99,0
MACALLAN  12 YEARS,Whisky,812066021840,375 ML,,36.09,44.99,0
BIRD DOG WHISKY,Whisky,812459012875,750 ML,Single,6.99,7.99,0
BIRD DOG PEANUT BUTTER,Whisky,812459014626,50 ML,,0.67,0.94,2
GLEN SILVER,Whisky,814261010070,750 ML,Single,9.16,11.99,0
THE GLEN SILVER,Whisky,814261010179,1 LT,,12.58,16.99,2
CROWN ROYAL VANILLA,Whisky,820077480,750 ML,,31.08,34.99,1
CROWN ROYAL VANILLA,Whisky,825230,50 ML,,1.49,1.97,0
KINKY CINNAMON,Whisky,8427999588,750 ML,Single,18,18.99,0
ANGELS ENVY BOURBON,Whisky,850047003003,750 ML,,42.09,49.99,1
CHIVAS REGAL 12 YEAR 375ML,Whisky,876810,375 ML,,16.79,19.99,0
SEAGRAM 7 CROWN 200 ML,Whisky,877350,200 ML,,4.29,7,0
SEAGRAMS VO 750 ML,Whisky,877370,750 ML,,7.99,14.99,0
SEAGRAMS VO 200 ML,Whisky,877390,200 ML,,4.72,6.75,0
SEAGRAMS VO WHISKY,Whisky,877610,375 ML,,8.19,8.99,0
SEAGRAM 7 CROWN 375 ML,Whisky,877650,375 ML,,7.29,9.99,0
DIMPLE PINCH  750ML,Whisky,881154,750 ML,,32.09,39.99,0
JOHNNIE WALKER BLACK,Whisky,891110,50 ML,,1.29,2.11,368
JOHNNIE WALKER RED,Whisky,891130,50 ML,,0.89,1.88,502
100 PIPERS,Whisky,9674980085,1.75 LT,Single,18.09,23.99,0
SAN NICOLA PINOT GRIGIO,Wine,10086101393,1.5 LT,,6,8.99,0
BLU PROSECCO,Wine,10086103403,750 ML,,9,12.99,24
MARTINI & ROSSI ASTI,Wine,11034500053,750 ML,,11.09,14.99,2
19 CRIMES RED WINE,Wine,1235400099,750 ML,,9.09,12.99,12
19 CRIMES CABERNET,Wine,12354001350,750 ML,,8.79,12.99,9
19 CRIMES CALI RED,Wine,12354004290,750 ML,,12.09,14.99,0
19 CRIMES CALI ROSE,Wine,12354005006,750 ML,,12.09,15.99,12
19 CRIMES GIFT PACK,Wine,12354008090,750 ML,,17,23.99,0
THE LITTLE PENGUIN CABERNET,Wine,12354010352,1.5 LT,,11.67,12.99,0
KOONUNGA HILL CHARDONNAY  750,Wine,12354071339,750 ML,,10.09,13.99,0
KOONUNGA HILL SHIRAZ CAB  750,Wine,12354071445,750 ML,,10.09,13.99,0
KOONUNGA HILL CABERNET  750 ML,Wine,12354072374,750 ML,,10.09,13.99,0
KOONUNGA HILL MERLOT  750 ML,Wine,12354072435,750 ML,,10.09,13.99,0
OPERA PRIMA BRUT,Wine,17619025010,750 ML,,4.67,7.99,12
OPERA PRIMA ROSE PINK,Wine,17619025058,750 ML,,4.67,7.99,11
OPERA PRIMA MIMOSA,Wine,17619025065,750 ML,,4.67,7.99,12
OPERA PRIMA BLUE MOSCATO,Wine,17619025119,750 ML,,4.67,7.99,9
OPERA PRIMA BLACKBERRY,Wine,17619025188,750 ML,,4.67,7.99,12
OPERA PRIMA SPARKLING ROSSO,Wine,17619025218,750 ML,,4.67,7.99,12
OP PRIMA MERLOT,Wine,17619033039,750 ML,,3.67,5.99,12
BAREFOOT CABERNET SAUV .,Wine,18341151015,1.5 LT,,10.09,14.99,0
BAREFOOT CHARDONNAY,Wine,18341151053,1.5 LT,,11.99,14.99,0
BAREFOOT MERLOT,Wine,18341151107,1.5 LT,,12.09,14.99,1
BAREFOOT CABERNET SAUVIGNON,Wine,18341751017,750 ML,,6.01,7.99,9
BAREFOOT SAUVIGNON BLANC,Wine,18341751024,750 ML,,6.01,7.99,8
BAREFOOT CHARDONNY,Wine,18341751055,750 ML,,6.01,7.99,2
BAREFOOT WHITE ZINFANDEL,Wine,18341751062,750 ML,,5.39,7.99,0
BAREFOOT MERLOT,Wine,18341751109,750 ML,,6,7.99,11
LUNA DI LUNA MERLOT CABERNET 7,Wine,21893789087,750 ML,,7.09,7.99,0
LUNA DI LUNA MOSCATO 750ML,Wine,21893805671,750 ML,,7.09,8.99,0
JOSH PINOT GRIGIO,Wine,31259001456,750 ML,,13.09,17.99,8
YELLOW TAIL CHARDONNAY,Wine,31259008929,750 ML,,6.99,9.38,3
YELLOW TAIL MERLOT,Wine,31259009223,750 ML,,5.99,9.38,9
YELLOW TAIL MERLOT,Wine,31259009230,1.5 LT,,12.49,15.99,1
YELLOW TAIL PINOT GRIGIO,Wine,31259009711,750 ML,,6.99,9.38,7
YELLOW TAIL PINOT GRIGIO,Wine,31259009728,1.5 LT,,11.99,15.99,2
YELLOW TAIL MOSCATO,Wine,31259032863,1.5 LT,,11.99,15.99,3
YELLOW TAIL JAMMY RED ROO,Wine,31259044095,750 ML,,6.99,9.38,0
YELLOW TAIL JAMMY RED ROO,Wine,31259044101,1.5 LT,,11.99,15.99,0
JOSH RED BLEND,Wine,31259048024,750 ML,,13.09,17.99,0
RENEBARBIER CATALUNYA 750 ML,Wine,33293870005,750 ML,,5.5,8,0
KRISTIAN REGALE 750 ML,Wine,36803001081,750 ML,,3.5,5,0
VERDI SPUMANTE,Wine,38075202302,750 ML,,5.09,8.45,0
VERDI RASPBERRY,Wine,38075205303,750 ML,,5.09,8.45,0
VERDI RASPBERRY,Wine,38075205501,1.5 LT,,7.59,12.99,0
VERDI PEACH,Wine,38075206300,750 ML,,6.09,8.45,6
VERDI PEACH,Wine,38075206508,1.5 LT,,7.59,12.99,0
VERDI GREEN APPLE,Wine,38075207307,750 ML,,6.09,8.45,4
VERDI GREEN APPLE,Wine,38075207505,1.5 LT,,7.59,12.99,0
VERDI STRAWBERRY,Wine,38075210307,750 ML,,5.09,8.45,4
VERDI WATERMELON,Wine,38075250303,750 ML,,5.09,8.45,1
VALLEY OF THE MOON  CAB-SAU 75,Wine,40267101300,750 ML,,14.3,18.99,0
MARTINELLIS  187 ML,Wine,41244002566,187 ML,,0,2,0
COCOA DI VINE CHOCOLATE,Wine,80175227945,750 ML,,2,4.99,0
ABSOLUT VERIETY PACK CAN,Wine,80432001257,355ml,8 PACK,15.83,19.99,0
CANEI 187ML,Wine,80432200018,187 ML,,1.33,1.88,0
CANEI  BIANCO 1.5  LITER,Wine,80432200025,1.5 LT,,7.33,10,0
CANEI BIANCO 750 ML,Wine,80432200070,750 ML,,5.33,7.5,0
CANEI  187 ML,Wine,80432202012,187 ML,,1.5,1.88,0
CANEI ROSE 1.5 LITER,Wine,80432202029,1.5 LT,,7.33,10,0
CANEI ROSE  750 ML,Wine,80432202074,750 ML,,5.33,7.5,0
CANEI  PEACH  750 ML,Wine,80432203071,750 ML,,5.33,7.5,0
JACOBS CREEK MERLOT,Wine,80432343074,750 ML,Single,6.33,7.99,0
RIUNITE SWEET RED,Wine,80516113548,750 ML,,5.98,7.49,0
RIUNITE MOSCATO,Wine,80516135441,750 ML,,4.5,4.68,0
COASTAL ESTATES MERLOT 750ML,Wine,80696092671,750 ML,,7.09,10.99,0
FOREST GLEN MERLOT 750 ML,Wine,81054084475,750 ML,,6.1,8.99,0
SEARIDGE CAB-SAU 750 ML,Wine,81054354356,750 ML,,4.75,6.99,0
ALLURE PINK MOSCATO 750 ML,Wine,81054954082,750 ML,,8.69,9.99,0
THE GREAT CHARDONNAY,Wine,81054996655,750 ML,,2,3.99,0
VEUVE CLICQUOT YELLOW BRUT,Wine,81753050221,375 ML,,30.99,37.99,1
VEUVE CLICQUOT YELLOW BRUT,Wine,81753814755,750 ML,,59.28,64.99,0
AR/MIST WHITE ZIN.MELON,Wine,82100109418,750 ML,,4.09,5.99,0
AR/MIST WHITE ZIN.EXOTIC FRUIT,Wine,82100179022,750 ML,,4.09,5.99,0
AR/MIST WHITE ZIN.STRAWBERRY,Wine,82100179039,750 ML,,4.09,5.99,0
ARBOR MIST CHARDONNAY PEACH,Wine,82100179053,1.5 LT,,7.19,10.32,0
AR/MIST WHITE ZIN.EXOTIC FRUIT,Wine,82100179060,1.5 LT,,7.19,10.32,0
AR/MIST WHITE ZIN.STRAWBERRY,Wine,82100179077,1.5 LT,,7.19,10.32,0
AR/MIST ZINFANDELSANGRIA,Wine,82100179084,750 ML,,4.09,5.99,0
AR/MIST CHARDONNAY TROPICAL FR,Wine,82100179091,750 ML,,4.09,6.1,0
ARBOR ZINFANDEL SANGRIA,Wine,82100179107,1.5 LT,,7.42,10.99,4
ARBOR MIST CHARDONNAY TROP. FR,Wine,82100179114,1.5 LT,,7.19,10.32,0
ARBOR MIST MERLOT BLACKBERRY,Wine,82100179237,750 ML,,4.09,6.1,8
ARBOR MIST MERLOT BLACKBERRY,Wine,82100179244,1.5 LT,,7.19,10.32,0
AR/MIST WHITE MERLOT CRANBERRY,Wine,82100179251,750 ML,,4.09,5.99,0
AR/MIST PINOT GRIGIO ISLAND FR,Wine,82100179329,750 ML,,4.09,4.99,0
ARBOR MIST PINOT GRIGIO ISLAND,Wine,82100179336,1.5 LT,,7.19,10.32,0
AR/MIST PINOT NOIR MIXED BERRY,Wine,82100737567,750 ML,,4.09,5.99,0
AR/MIST PINOT NOIR MIXED BERRY,Wine,82100737574,1.5 LT,,7.19,10.32,0
AR/MIST PINOT NOIR POMEGRANATE,Wine,82100738496,750 ML,,4.09,5.99,0
AR/MIST PINOT NOIR POMEGRANATE,Wine,82100738502,1.5 LT,,7.19,10.32,0
ARBOR MIST MANGO STRAWBERRY,Wine,82100738564,750 ML,,4.09,6.1,10
ARBOR MIST MANGO STRAWBARRY,Wine,82100738571,1.5 LT,,7.42,10.99,7
ARBOR MIST PINK MOSCATO RASPBERRY,Wine,82100738755,750 ML,,4.09,6.1,2
ARBOR MIST PINK MOSCATO RASPBERRY,Wine,82100738762,1.5 LT,,7.42,10.99,5
ARBOR MIST MOSCATO PEACH,Wine,82100739097,750 ML,,4.09,6.1,2
ARBOR MIST MOSCATO PEACH,Wine,82100739103,1.5 LT,,7.19,10.32,0
ARBOR MIST RED MOSCATO CHERRY,Wine,82100739110,750 ML,,4.09,6.1,3
AR/MIST RED MOSCATO CHERRY,Wine,82100739127,1.5 LT,,7.19,10.32,0
ARBOR MIST PINEAPPLE STRAWBARRY,Wine,82100739332,1.5 LT,,7.42,10.99,3
GALA 2000 750ML,Wine,82352603757,750 ML,,23.99,24.99,0
FRONTERA CAB MERLOT,Wine,82734001010,1.5 LT,,8.09,10.99,6
FRONTERA CABERNET MERLOT,Wine,82734001027,750 ML,,3.66,5.16,3
STONES GINGER WINE,Wine,82734001171,750 ML,,6.25,9.99,8
FRONTERA CABERNET SAUV,Wine,82734213529,750 ML,,3.66,5.16,10
FRONTERA MERLOT,Wine,82734313724,1.5 LT,,8.09,10.99,6
FRONTERA MERLOT,Wine,82734313748,750 ML,,3.66,5.16,10
FRONTERA BUTTERY CHARDONNAY,Wine,82734314141,750 ML,,3.66,5.16,7
FRONTERA PINOT GRIGIO,Wine,82734416685,750 ML,,3.66,5.16,11
FRONTERA PINOT GRIGIO,Wine,82734416692,1.5 LT,,8.09,10.99,6
FRONTERA MALBEC,Wine,82734467021,1.5 LT,,8.09,10.99,6
FRONTERA AFTER MIDNIGHT,Wine,82734627395,750 ML,,3.66,5.16,7
WILD IRISH RED,Wine,8285317,375 ML,,2,2.57,0
VIRGIN CHARDONNAY 750ML,Wine,82896047192,750 ML,,0,6.99,0
FETZER 750ML,Wine,82896700257,750 ML,,6.67,7.99,0
FRANZIA MOSCATO,Wine,83120003021,5L,,20.09,23.99,4
FRANZIA DARK RED BLEND,Wine,83120003359,5L,,20.09,23.99,2
FRANZIA PINK MOSCATO,Wine,83120003540,5L,,20.09,23.99,4
FRANZIA CABERNET SAUV,Wine,83120011255,5L,,20.09,23.99,5
FUEL MARGARITA RUSH,Wine,83120015628,500 ml,,2.5,3.52,10
FUEL HARD PUNCH,Wine,83120015635,500 ml,,2.5,3.52,8
FUEL TIGERS BLOOD,Wine,83120015659,500 ml,,2.5,3.52,11
FRANZIA MERLOT,Wine,83120100195,5L,,20.09,23.99,4
FRANZIA PINOT GRIGIO,Wine,83120100393,5L,,20.09,23.99,2
FRANZIA FRUITY RED SANGRIA,Wine,83120103295,5L,,18.09,23.99,3
BOLLA VALPOLICELLA 750 ML,Wine,83300094115,750 ML,,8.09,8.99,0
BOLLA MERLOT 1.5 LT,Wine,83300094207,1.5 LT,,8,8.49,0
SOAVE BOLLA WINE 750 ML,Wine,83300094535,750 ML,,3.5,3.74,0
MOUTON CADET BORDEAUX BLANC 75,Wine,83960144045,750 ML,,9.01,9.49,0
RISATA MOSCATO D ASTI,Wine,8427997763,750 ML,,10,12.99,0
RISATA PINK MOSCATO,Wine,84279988108,750 ML,,10,12.99,0
RISATA RED MOSCATO,Wine,84279999951,750 ML,,10,12.99,0
MEDOC 2005 750 ML,Wine,84692404148,750 ML,,9,12.99,0
CAPOSALDO PROSECCO ROSE,Wine,84692649600,750 ML,,12.99,15.99,0
TURNING LEAF CHARDONNAY 750 ML,Wine,85000002391,750 ML,,3,3.25,0
GALLO CABERNET SAU,Wine,85000005002,750 ML,,4.01,5.49,19
GALLO CABERNET SAU,Wine,85000005019,1.5 LT,,6.19,8.99,11
GALLO CHARDONNAY,Wine,85000005033,750 ML,,4.01,5.49,8
GALLO CHARDONNAY,Wine,85000005064,1.5 LT,,6.19,8.99,4
BAREFOOT PINOT GRIGIO,Wine,85000005286,187 ML,,1.33,1.88,0
CARLO SWEET RED,Wine,85000005729,4 LT,,16.01,19.99,6
GALLO SAUVIGNON BLANC,Wine,85000005866,750 ML,,4.01,5.49,7
GALLO SAUVGNON BLANC,Wine,85000005873,1.5 LT,,6.19,8.99,6
CARLO BURGUNDY,Wine,85000006986,1.5 LT,,8.01,10.32,5
CARLO BURGUNDY,Wine,85000006993,3 LT,,12.01,16.99,4
PETER VELLA DELICIOUS RED,Wine,85000007686,5L,,14.09,17.99,0
GALLO WHITE ZINFANDEL,Wine,85000007839,750 ML,,4.01,5.49,15
GALLO WHITE ZINFANDEL,Wine,85000007846,1.5 LT,,6.19,8.99,13
GALLO HEARTY BURGUNDY,Wine,85000007921,1.5 LT,,6.19,8.99,2
GALLO MERLOT,Wine,85000009857,1.5 LT,,6.19,8.99,13
REDWOOD CREEK PINOT GRIGIO 750,Wine,85000010006,750 ML,,4,6.49,0
REDWOOD CREEK CHARDONNAY 750ML,Wine,85000010457,750 ML,,3.5,5.99,0
REDWOOD CREEK MERLOT 750ML,Wine,85000010464,750 ML,,4,5.99,0
REDWOOD CREEK CABERNET SAUVIGN,Wine,85000010587,750 ML,,5.14,5.49,0
TISDALE MERLOT 750 ML,Wine,85000011416,750 ML,,3.01,4.99,0
TISDALE CABERNET SAUVIGNON 750,Wine,85000011423,750 ML,,3.01,4.99,0
TISDALE CHARDONNAY 750ML,Wine,85000011430,750 ML,,3.01,4.99,0
BOONES FARM MELON BALL 750 ML,Wine,85000011805,750 ML,,3.29,4.25,0
BOONES FARM BLUE HAWAIIAN 750,Wine,85000012161,750 ML,,3.29,4.25,0
REDWOOD CREEK PINOT NOIR 750 M,Wine,85000012239,750 ML,,5.14,5.49,0
MIRASSOU  MERLOT  750 ML,Wine,85000012253,750 ML,,7.29,10.99,0
BOONES FARM ORANGE HURRICANE 7,Wine,85000012895,750 ML,,3.29,4.25,0
TISDALE SHIRAZ 750 ML,Wine,85000013007,750 ML,,4.1,4.49,0
BOONES FARM APPLE BLOSSOM 750,Wine,85000013236,750 ML,,3.29,4.25,0
BOONES FARM MANGO GROVE 750 ML,Wine,85000013700,750 ML,,3.29,4.25,0
POLKA DOT  750 ML,Wine,85000013922,750 ML,,5.34,5.49,0
BAREFOOT PINOT GRIGIO,Wine,85000014431,1.5 LT,,12.09,14.99,2
BAREFOOT PINOT GRIGIO,Wine,85000014448,750 ML,,6,7.99,7
CARLO CABERNET SAUV,Wine,85000014462,4 LT,,16.01,19.99,5
CARLO MERLOT,Wine,85000014479,4 LT,,16.01,19.99,6
BOONES FARM STRAWBERRY MARGARI,Wine,85000014929,750 ML,,3.29,4.25,0
MATTIES WHITE SHIRAZ  750 ML,Wine,85000015025,750 ML,,4.68,6.99,0
GALLO MOSCATO,Wine,85000015209,1.5 LT,,6.19,8.99,8
GALLO MOSCATO,Wine,85000015216,750 ML,,4.01,5.49,12
REDWOOD CREEK WHITE ZINFANDEL,Wine,85000015339,750 ML,,4,5.99,0
BOONES FARM WATERMELON 750 ML,Wine,85000015469,750 ML,,3.29,4.25,0
BAREFOOT RIESLING,Wine,85000015810,750 ML,,6.01,7.99,3
BELLA SERA CHIANTI DOCG 1.5 LT,Wine,85000015858,1.5 LT,,11.19,12.99,0
GALLO PINOT GRIGIO,Wine,85000015865,1.5 LT,,6.19,8.99,11
GALLO PINOT GRIGIO,Wine,85000015872,750 ML,,4.01,5.49,19
GALLO PINOT NOIR,Wine,85000015889,1.5 LT,,6.19,8.99,4
BELLA SERA CHIANTI 750 ML,Wine,85000015940,750 ML,,7.14,7.49,0
BAREFOOT MOSCATO,Wine,85000016671,1.5 LT,,12.09,14.99,4
BAREFOOT MOSCATO,Wine,85000016688,750 ML,,6,7.99,10
BOONES FARM WILD CHERRY 750 ML,Wine,85000016718,750 ML,,3.29,4.25,0
MADRIA SANGRIA,Wine,85000016916,1.5 LT,,7.09,12,0
MADRIA SANGRIA 750 ML,Wine,85000016923,750 ML,,4.09,6.5,0
BOONES FARM SUNSHINE PINK 750,Wine,85000017111,750 ML,,3.29,4.25,0
GALLO SWEET RED,Wine,85000017166,1.5 LT,,6.19,8.99,14
PETER VELLA SANGRIA,Wine,85000017203,5L,,14.09,17.99,0
LAMARCA PROSECCO,Wine,85000017739,750 ML,,15.01,18.99,9
LIBERTY CREEK SWEET RED,Wine,85000018026,1.5 LT,,8.01,10.99,5
LIBERTY CREEK MOSCATO,Wine,85000018033,1.5 LT,,8.01,10.99,5
BLACK SWAN MOSCATO 1.5 LTR,Wine,85000018330,1.5 LT,,9.29,13.99,0
BLACK SWAN MOSCATO 750 ML,Wine,85000018347,750 ML,,5.09,8,0
NAKED GRAPE CHARDONAY,Wine,85000018439,750 ML,,3.09,3.99,0
BAREFOOT SWEET RED,Wine,85000018491,750 ML,,6,7.99,7
BAREFOOT SWEET RED,Wine,85000018682,1.5 LT,,12.09,14.99,8
BELLA SERA MOSCATO 750 ML,Wine,85000018712,750 ML,,7.14,9.99,0
BELLA SERA MOSCATO 1.5 LT,Wine,85000018729,1.5 LT,,10.19,12.99,0
MIRASSOU MOSCATO 750 ML,Wine,85000019108,750 ML,,8.19,10.99,0
BAREFOOT RED MOSCATO,Wine,85000019894,750 ML,,6,7.99,5
GALLO PINK MOSCATO,Wine,85000019900,750 ML,,4.01,5.49,10
GALLO PINK MOSCATO,Wine,85000019917,1.5 LT,,6.19,8.99,9
MADRIA SANGRIA MOSCATO 750 ML,Wine,85000019993,750 ML,,3.5,3.74,0
BAREFOOT RED MOSCATO,Wine,85000020289,1.5 LT,,12.09,14.99,3
BAREFOOT PINK MOSCATO,Wine,85000020456,750 ML,,6,7.99,7
GALLO RED MOSCATO,Wine,85000020463,750 ML,,4.01,5.49,14
GALLO RED MOSCATO,Wine,85000020470,1.5 LT,,6.19,8.99,7
BAREFOOT PINK MOSCATO,Wine,85000020609,1.5 LT,,12.09,14.99,8
CARLO MOSCATO SANGRIA,Wine,85000021033,3 LT,,12.01,16.99,3
CARLO MOSCATO SANGRIA,Wine,85000021040,4 LT,,16.01,19.99,1
BAREFOOT RICH RED BLEND,Wine,85000021088,750 ML,,6.01,7.99,3
LIBERTY CREEK PINK MOSCATO,Wine,85000021507,1.5 LT,,7.19,10.99,2
GALLO SWEET PINEAPPLE,Wine,85000022566,750 ML,,4.01,5.49,25
GALLO SWEET PEACH,Wine,85000022573,750 ML,,4.01,5.49,11
LAMARCA PROSECCO,Wine,85000022849,1.5 LT,,29.01,34.99,5
GALLO SWEET STRAWBERRY,Wine,85000022986,750 ML,,4.01,5.49,8
PETER VELLA MOSCATO SANGRIA,Wine,85000024225,5L,,14.09,17.99,1
CARLO SANGRIA,Wine,85000025017,750 ML,,3,4.68,20
CARLO MOSCATO SANGRIA,Wine,85000025024,750 ML,,3,4.68,4
CARLO PINK MOSCATO,Wine,85000025031,750 ML,,3,4.68,7
CARLO SWEET RED,Wine,85000025048,750 ML,,3,4.68,12
GALLO SWEET APPLE,Wine,85000025574,750 ML,,4.01,5.49,16
GALLO SWEET STRAWBERRY,Wine,85000025598,1.5 LT,,6.19,8.99,8
CARLO PINK MOSCATO,Wine,8500002628,1.5 LT,,8.01,10.32,10
CARLO MOSCATO SANGRIA,Wine,85000026311,1.5 LT,,8.01,10.32,4
BAREFOOT ROSE,Wine,85000026472,1.5 LT,,10.39,13.99,0
PETER VELLA CHARDONNAY,Wine,85000027967,3 LT,,10.01,12.99,6
PETER VELLA CRISP WHITE,Wine,85000027981,3 LT,,10.01,12.99,0
CARLO PINK MOSCATO SAN,Wine,85000028711,4 LT,,16.01,19.99,8
CARLO WATERMELON SANGRIA,Wine,85000029732,750 ML,,3,4.68,17
CARLO RASPBERRY SANGRIA,Wine,85000029749,750 ML,,3,4.68,11
CARLO PINEAPPLE SANGRIA,Wine,85000029756,750 ML,,3,4.68,19
APOTHIC CABERNET SAUV.,Wine,85000030967,750 ML,,9.99,12.99,1
APOTHIC MERLOT,Wine,85000032145,750 ML,,9.99,12.99,4
CARLO BLUEBERRY SANGRIA,Wine,85000032343,750 ML,,3,4.68,8
CARLO PEACH SANGRIA,Wine,85000032350,750 ML,,3,4.68,8
CARLO CHERRY SANGRIA,Wine,85000032459,750 ML,,3,4.68,7
GALLO SWEET MANGO,Wine,85000032466,750 ML,,4.01,5.49,-2
CARLO WATERMALON,Wine,85000032480,1.5 LT,,8.01,10.32,7
ANDRE PEACH BELLINI,Wine,85000034323,750 ML,,7.01,9.38,7
ANDRE PINEAPPLE MIMOSA,Wine,85000034330,750 ML,,7.01,9.38,11
BAREFOOT LEMONADE,Wine,85000034927,750 ML,,6.01,7.99,7
VIBE BLUE RASPBERRY,Wine,85000035795,16 OZ,,2,3.29,21
VIBE FRUIT PUNCH,Wine,85000035801,16 OZ,,2,3.29,2
VIBE STRAW LIMEADE,Wine,85000035818,16 OZ,,2,3.29,7
VIBE BLUE MARGARITA,Wine,85000036969,16 OZ,,2,3.29,7
ANDRE STRAWBERRY MIMOSA,Wine,85000036990,750 ML,,7.01,9.38,6
LAMARCA ROSE,Wine,85000037232,187 ML,3-Pack,12.99,15.99,3
VIBE MANGO,Wine,85000037584,16 OZ,,2,3.29,2
VIBE PEACH,Wine,85000037591,16 OZ,,2,3.29,7
VIBE WATERMELON LIMEADE,Wine,85000039717,16 OZ,,2,3.29,3
VIBE CHERRY LIMEADE,Wine,85000040027,16 OZ,,2,3.29,18
LAMARCA PROSECCO,Wine,85000322437,187 ML,3-Pack,12.99,15.99,23
SUTTER HOME WHITEZINFANDEL,Wine,8502926,750 ML,,5.33,7.51,21
SUTTER HOME PINOT GRIGIO,Wine,8506922,750 ML,,5.33,7.51,29
SUTTER HOME SWEET RIESLING,Wine,8508629,1.5 LT,,9.99,11.99,0
SUTTER HOME ROSE,Wine,8515920,1.5 LT,,9.99,11.99,0
SUTTER HOME SWEET PEACH,Wine,8518121,750 ML,,4.67,7.51,13
SUTTER HOME SWEET PEACH,Wine,8518228,1.5 LT,,7.33,11.99,0
SUTTER HOME WILD BERRY,Wine,8518325,750 ML,,5.33,7.51,8
SUTTER HOME WILD BERRY,Wine,8518422,1.5 LT,,7.99,11.99,11
SUTTER HOME TROPICAL PINEAPPLE,Wine,8518529,750 ML,,5.33,7.51,17
SUTTER HOME TROPICAL PINEAPPLE,Wine,8518626,1.5 LT,,7.33,11.99,1
SUTTER HOME SWEET TEA,Wine,8519023,750 ML,,5.33,7.51,11
SUTTER HOME SWEET TEA,Wine,8519120,1.5 LT,,7.33,11.99,1
SUTTER HOME LEMONADE,Wine,8519324,750 ML,,5.33,7.51,21
SUTTER HOME LEMONADE,Wine,8519421,1.5 LT,,4,7.99,30
SUTTER HOME PEACH TEA,Wine,8519625,750 ML,,5.33,7.51,11
SUTTER HOME PEACH TEA,Wine,8519722,1.5 LT,,4,7.99,16
SUTTER HOME STRAWBERRY,Wine,8519926,750 ML,,4.67,7.51,0
AVISSI PROSECCO,Wine,85200027200,750 ML,,9.33,12.99,6
SUTTER HOME SANGRIA,Wine,8522221,1.5 LT,,9.99,11.99,0
SEAFARER RUM,Wine,85232629007,1 LT,,3.33,7.99,1
SUTTER HOME BLUEBERRY,Wine,8523725,750 ML,,4.67,7.51,6
CARLO SWEET RED,Wine,8557005,3 LT,,12.01,16.99,4
SUTTER HOME STRAWBERY LEMONADE,Wine,8565624,750 ML,,6,7.51,0
SUTTER HOME RASPBERRY,Wine,8566526,1.5 LT,,7.99,11.99,4
SUTTER HOME RASPBERRY,Wine,8566623,750 ML,,5.33,7.51,2
BALLATORE GRAN SPUMANTE 750ML,Wine,8575700,750 ML,,7.21,8.49,0
MD 20/20 BLUE RASPBERRY,Wine,85904353308,375 ML,,1.99,2.57,0
MD 20/20 ELECTRIC MELON,Wine,85904363307,375 ML,,1.41,2.57,0
MD 20/20 ORANGE JUBILEE,Wine,85904453305,375 ML,,1.99,2.57,21
MD 20/20 BANANA RED,Wine,85904513306,375 ML,,1.99,2.57,13
MANISCHEWITZ GRAPE,Wine,85976033931,750 ML,,5.18,7.51,14
MANISCHEWITZ BLACKBERRY,Wine,85976034006,750 ML,,5.18,7.51,5
MANISCHEWITZ GRAPE,Wine,85976034150,1.5 LT,,7.67,10.99,6
MANISCHEWITZ BLACKBERRY,Wine,85976034228,1.5 LT,,7.67,10.99,5
MANISCHEWITZ BLACKBERRY,Wine,85976034518,3 LT,,13.34,18.99,0
MANISCHEWITZ GRAPE,Wine,85976034587,3 LT,,13.34,18.99,5
ESTATE CELLARS WHITE ZINFANDEL,Wine,86000170455,750 ML,,6.05,6.99,0
WOODBRIDGE CABERNET SAUV.,Wine,86003000094,750 ML,,7.09,9.38,6
WOODBRIDGE MERLOT,Wine,86003000490,750 ML,,7.09,9.38,11
WOODBRIDGE MERLOT,Wine,86003000506,1.5 LT,,12.09,14.99,6
WOODBRIDGE PINOT GRIGIO,Wine,86003001640,750 ML,,7.09,9.38,10
WOODBRIDGE PINOT GRIGIO,Wine,86003001657,1.5 LT,,12.09,14.99,6
WOODBRIDGE MOSCATO,Wine,86003004108,750 ML,,7.09,9.38,12
WOODBRIDGE MOSCATO,Wine,86003004313,1.5 LT,,12.09,14.99,5
CRAFTERS UNION CHARDONNAY,Wine,86003279117,1.5 LT,,0.17,2.99,12
NEXT ROUND MARGARITA,Wine,86003315020,1.5 LT,,1,4.99,0
NEXT ROUND ROSE SANGRIA,Wine,86003315037,1.5 LT,,1,4.99,0
WOODBRIDGE CABERNET SAUV,Wine,86003813854,1.5 LT,,12.09,14.99,3
WOODBRIDGE RED BLEND,Wine,86003820449,1.5 LT,,12.09,14.99,6
WOODBRIDGE RED BLEND,Wine,86003820463,750 ML,,7.09,9.38,10
CAVIT PINOT GRIGIO,Wine,86785000039,1.5 LT,,16,18.99,5
CAVIT PINOT GRIGIO,Wine,86785000084,750 ML,,11.09,13.99,12
ROSCATO SWEET RED,Wine,86785110738,750 ML,,11.09,13.99,4
ROSCATO BLACK CHERRY,Wine,86785110790,750 ML,,11.09,13.99,1
ROSCATO BLUEBERRY,Wine,86785110820,750 ML,,11.09,13.99,7
ROSCATO SWEET ROSE CAN,Wine,86785211169,500 ml,,1.5,3.76,0
CAVIT CHARDONNAY,Wine,86785211176,187 ML,,2.19,2.88,48
CAVIT CABERNET SAUV.,Wine,86785211237,750 ML,,10.29,13.99,6
CAVIT MERLOT,Wine,86785211398,750 ML,,10.29,13.99,8
CAVIT PINOT NOIR,Wine,86785211664,187 ML,,2.19,2.88,48
CAVIT MOSCATO,Wine,86785212364,750 ML,,11.09,13.99,13
CAVIT SELECT RED BLEND,Wine,86785212470,750 ML,,9.66,12.99,0
CAVIT ROSE,Wine,86785212715,750 ML,,8.09,12.99,0
CAVIT CABERNET SAUVIGNON,Wine,86785212838,187 ML,,2.19,2.88,44
CAVIT SWEET RED,Wine,86785212913,750 ML,,11.09,13.99,12
ROSCATO MOSCATO,Wine,86785213002,750 ML,,11.09,13.99,0
ROSCATO SWEET RED,Wine,86785390505,1.5 LT,,21.98,26.99,3
LANCERS  WHITE 750 ML,Wine,86785450131,750 ML,,5.08,5.1,0
LANCERS WHITE 1.5 LITER,Wine,86785450148,1.5 LT,,8.66,14.99,0
CONFETTI SWEET RED,Wine,86785670201,750 ML,,3.33,4.99,0
CONFETTI SUMMER PEACH,Wine,86785670225,750 ML,,3.33,4.99,1
CONFETTI PINK GRAPEFRUIT,Wine,86785670249,750 ML,,3.33,4.99,15
ELMO PIO TROPICAL MANGO,Wine,87152000256,1.5 LT,,10.01,10.99,1
BARTENURA MOSCATO,Wine,87752005644,750 ML,,12.25,14.99,0
JEUNESSE CABERNET SAUV.,Wine,87752010716,750 ML,,9.92,12.99,12
JEUNESSE PINO NOIR,Wine,87752013137,750 ML,,9.92,12.99,12
JEUNESSE BLACK MUSCAT,Wine,87752013151,750 ML,,9.92,12.99,11
BARTENURA ROSE,Wine,87752013854,750 ML,,11.92,17.99,27
JEUNESSE PINK MOSCATO,Wine,87752015315,750 ML,,9.92,12.99,11
BARTENURA MOSCATO CAN,Wine,87752026892,250 ML,Single,2.58,3.52,8
BARTENURA LYCHEE CAN,Wine,87752034507,250 ML,Single,2.58,3.52,0
BARTENURA PEACH CAN,Wine,87752034521,250 ML,Single,2.58,3.52,23
STELLA ROSA CRANBERRY,Wine,87872630894,750 ML,,12.09,14.99,10
STELLA ROSA BLUEBERRY,Wine,87872630931,750 ML,,12.09,14.99,21
STELLA ROSA BLACK CHERRY,Wine,87872630955,750 ML,,12.09,14.99,12
STELLA ROSA BLACK,Wine,87872633369,750 ML,,12.09,14.99,41
STELLA ROSA RED,Wine,87872633406,750 ML,,12.09,14.99,10
STELLA ROSA BLACK,Wine,87872633505,1.5 LT,,19,22.99,8
STELLA ROSA GOLDEN HONEY,Wine,87872633635,750 ML,,12.09,14.99,22
STELLA ROSA GREEN APPLE,Wine,87872633901,750 ML,,11.09,14.99,5
STELLA ROSA BLACKBERRY,Wine,87872634205,750 ML,,12.09,14.99,9
STELLA ROSA STRAWBERRY ROSE,Wine,87872634502,750 ML,,12.09,14.99,8
STELLA ROSSA GIFT PACK,Wine,87872637824,750 ML,,16.64,21.99,0
STELLA ROSA PINEAPPLE,Wine,87872638401,750 ML,,11.09,14.99,8
BLACK VELVET TOASTED CARAMEL 7,Wine,88100134856,750 ML,,11.09,11.99,0
GATO NEGRO FRUITY WHITE WINE,Wine,88320131307,750 ML,,1.6,3.75,0
REAL SANGRIA,Wine,88320341034,750 ML,,6,7.99,8
REAL SANGRIA WHITE,Wine,88320341072,750 ML,,6,7.99,2
REAL SANGRIA PEACH,Wine,88320341133,750 ML,,6,7.99,2
YAGO SANTGRIA 3 LTR,Wine,88352115337,3 LT,,13.66,15.99,0
YAGO SANGRIA 750 ML,Wine,88352115351,750 ML,,4.49,6.99,6
RELAX PINOT GRIGIO,Wine,88474007954,750 ML,,9.09,9.99,0
RELAX PINK ROSE,Wine,88474008050,750 ML,,9.09,9.99,0
RELAX RIESLING,Wine,88474022407,750 ML,,9.09,9.99,0
SOLEIL POMEGRANATE,Wine,88498110326,750 ML,,2,4.99,32
SOLEIL STRAWBERRY,Wine,88498110807,750 ML,,2,4.99,34
SOLEIL CRANBERRY LIME,Wine,88498110814,750 ML,,2,4.99,35
TAYLOR PORT,Wine,88940000014,750 ML,,6.01,7.99,48
TAYLOR PORT,Wine,88940000021,1.5 LT,,10.02,13.99,19
TAYLOR PORT,Wine,88940000854,3 LT,,14.71,19.99,9
CAPRICCIO PEACH,Wine,89016000228,750 ML,,6.69,9.38,0
CAPRICCIO PASSION FRUIT,Wine,89016000822,375 ML,4-Pack,8.86,11.25,0
CAPRICCIO SANGRIA,Wine,89016000853,375 ML,4-Pack,8.86,11.25,0
CAPRICCIO PEACH,Wine,89016000891,375 ML,4-Pack,8.86,11.25,0
CAPRICCIO SANGRIA,Wine,89016017264,750 ML,,6.39,9.38,21
CAPRICCIO ROSE SANGRIA,Wine,89016017929,750 ML,,6.69,9.38,0
CAPRICCIO WHITE SANGRIA,Wine,89016017943,750 ML,,6.69,9.38,3
CAPRICCIO ROSE SANGRIA,Wine,89016018124,375 ML,4-Pack,8.86,11.25,1
CAPRICCIO WATERMELON,Wine,89016019091,375 ML,4-Pack,8.86,11.25,0
CAPRICCIO WATERMELON SANGRIA,Wine,89016019107,750 ML,,6.69,9.38,1
CAPRICCIO PASSION FRUIT,Wine,89016019701,750 ML,,6.69,9.38,0
RAINER RED,Wine,89018004149,1.5 LT,Single,10.67,11.99,0
TOMASELLO RANIER RED,Wine,89018004156,750 ML,,7,9.99,3
FOLONARI PINOT GRIGIO 750 ML,Wine,89744327840,750 ML,,8.5,10.99,0
RIUNITE LAMBRUSCO,Wine,89744765482,750 ML,,7.09,9.99,10
RIUNITE LAMBRUSCO,Wine,89744765499,3 LT,,15.09,18.99,1
RIUNITE LAMBRUSCO,Wine,89744765505,1.5 LT,,10.09,12.99,6
BERINGER CHARDONNAY,Wine,89819001712,750 ML,,5,6.99,4
BERINGER MOSCATO,Wine,89819067206,750 ML,,5,6.99,10
BERINGER  MOSCATO,Wine,89819067244,1.5 LT,,9.5,12.99,6
BERINGER CABERNET SAUV.,Wine,89819068227,750 ML,,5,6.99,4
BERINGER MERLOT,Wine,89819068241,750 ML,,5,6.99,10
BERINGER RED MOSCATO,Wine,89819541874,750 ML,,5.99,6,0
BERINGER RED MOSCATO,Wine,89819541881,1.5 LT,,9.5,12.99,6
BERINGER PINK MOSCATO,Wine,89819542543,750 ML,,5,6.99,2
BERINGER PINK MOSCATO,Wine,89819542550,1.5 LT,,9.5,12.99,6
BERINGER CABERNET SAUV.,Wine,89819543014,1.5 LT,,9.5,12.99,4
BERINGER MERLOT,Wine,89819543175,1.5 LT,,9,12.99,6
BERINGER WHITEZINFANDEL,Wine,89819543526,750 ML,,5.99,6,0
JUNIPER PINOT GRIGIO,Wine,89819723751,750 ML,,2,2.99,0
BERINGER PINOT GRIGIO,Wine,89819760091,750 ML,,5,6.99,13
COCKBURNS FINE RUBY PORTO,Wine,94799120124,750 ML,,11.33,14.99,2
COCKBURNS FINE TAWNY PORTO,Wine,94799120131,750 ML,,11.34,14.99,2
COCKBURNS WHITE PORTO,Wine,94799120322,750 ML,,12.66,16.99,2
MENAGE EXOTIC BLEND,Wine,99988071058,750 ML,,9.79,9.99,4
MENAGE RED BLEND,Wine,99988071096,750 ML,,9.79,10.99,-1
MENAGE MIDNIGHT DARK RED,Wine,99988071294,750 ML,,8,10.99,7
MENAGE SILK SOFT RED BLEND,Wine,99988071362,750 ML,,8,10.99,-1
MENAGE LAVISH MERLOT,Wine,99988071430,750 ML,,8,10.99,4
MENAGE CABERNET SAUVIGNON,Wine,99988071621,750 ML,,9.33,10.99,0
MENAGE MOSCATO,Wine,99988071898,750 ML,,8,10.99,8
MENAGE SULTRY RED,Wine,99988071959,750 ML,,8,10.99,1
MENAGE ROSE,Wine,999883710800,750 ML,,9.79,9.99,10
CANTINA DEL CASTELLO,Wine,11111,750 ML,,2,3.74,0
OLD TAVERN RED,Wine,4840358000330,750 ML,,10.78,13.99,4
OLD TAVERN WHITE,Wine,4840358010575,750 ML,,10.78,13.99,17
OLD TAVERN ROSE,Wine,4840358010582,750 ML,,10.78,13.99,5
MOSQIT OF WINE MOSCATO,Wine,4840635003931,750 ML,,2.25,5.99,0
YELLOW TAIL MOSCATO,Wine,5237900000,750 ML,,5.99,9.38,7
XX,Wine,5269500000,,,10,11,0
CASAL MENDES ROSE,Wine,5601213184867,750 ML,Single,2.05,3.99,0
CULITOS MERLOT,Wine,607054110176,750 ML,,6.33,6.99,0
CULITOS MOSCATO ROSE,Wine,607054110183,750 ML,,6.33,6.99,0
CULITOS MERLOT,Wine,607054110213,1.5 LT,,9,11.99,5
CULITOS MOSCATO ROSE,Wine,607054110220,1.5 LT,,8.67,11.99,4
CULITOS MOSCATO,Wine,607054111074,750 ML,,6.33,6.99,0
CULITOS CAB/MERLOT,Wine,607054112026,1.5 LT,,9,11.99,0
SWEET BITCH MANGO MOSCATO,Wine,607054190215,750 ML,Single,7.17,9.99,2
SWEET BITCH PINEAPPLE MOS,Wine,607054190253,750 ML,Single,7.17,9.99,6
SWEET BITCH BLACK CHERRY,Wine,607054190338,750 ML,,7.17,9.99,0
SWEET BITCH CHARDONNAY,Wine,607054492234,750 ML,,6.67,8.99,3
SWEET BITCH MERLOT,Wine,607054492241,750 ML,,6.67,8.99,11
SWEET BITCH MERLOT,Wine,607054492258,1.5 LT,,9,11.99,5
SWEET BITCH CHARDONNAY,Wine,607054492265,1.5 LT,,8.67,11.99,1
SWEET BITCH PINOT GRIGIO,Wine,607054492272,750 ML,,6.67,8.99,14
SWEET BITCH MOSCATO ROSE,Wine,607054492302,750 ML,,6.67,9.99,9
SWEET BITCH CABERNET SAUV,Wine,607054492326,750 ML,Single,6.67,8.99,20
SWEET BITCH CABERNET SAUV.,Wine,607054492333,1.5 LT,,9,11.99,1
SWEET BITCH PINOT GRIGIO,Wine,607054492401,1.5 LT,,8.67,11.99,6
SWEET BITCH MOSCATO BLUE,Wine,607054492500,750 ML,,7.17,9.99,0
SWEET BITCH MOSCATO PINK BTL,Wine,607054492609,750 ML,,6.67,9.99,7
BORDEAUX SOL-SPECIAL 750 ML,Wine,607921011582,750 ML,,9,12.99,0
DORNFELDER,Wine,610746000051,750 ML,,9,11.99,32
VANDORI CABERNET SAUV.,Wine,632974001006,750 ML,,2,3.99,0
SANTA MARGHERITA PINOT GRIGIO,Wine,632987200205,750 ML,,21.98,24.99,2
SANTA MARGHERITA PROSECCO,Wine,632987201103,750 ML,,20.97,24.99,2
SANTA EMA RESERVE CAB-SAU 750,Wine,635818000050,750 ML,,11.09,14.99,0
J WRAY RED LABEL WINE,Wine,636191052407,750 ML,,5.99,9.99,96
HOOK OR CROOK FIELD BLEND,Wine,653166254154,750 ML,,8.09,10.99,12
SANTERO MOSCATO ROSE,Wine,689076830683,750 ML,,13.09,16.99,12
KIM CRAWFORD SAUVIGNON,Wine,689352009611,750 ML,,14.09,17.99,0
KIM CRAWFORD ROSE,Wine,689352009987,750 ML,,14.09,17.99,2
GIADA CLASSIC RED,Wine,701254562008,750 ML,,6,8.99,0
GIADA TROPICAL PASSION,Wine,701254562053,750 ML,,6,8.99,0
GIADA TROPICAL MANGO,Wine,701254562107,750 ML,,6,8.99,3
GIADA PEACH SANGRIA,Wine,701254562183,750 ML,,6,8.99,0
GIADA ROSE MOSCATO,Wine,701254562251,750 ML,,6,8.99,7
MIONETTO PROSECCO BRUT,Wine,727760501638,750 ML,,14.09,16.99,4
MYX MOSCATO,Wine,733353400028,187 ML,4-Pack,6.33,7.98,0
MYX PEACH MOSCATO,Wine,733353400042,187 ML,4-Pack,6.33,7.98,0
MYX COCONUT MOSCATO,Wine,733353400066,187 ML,4-Pack,6.33,7.98,0
MYX MANGO MOSCATO,Wine,733353400134,187 ML,4-Pack,6.33,7.98,0
MYX CLASSIC SANGRIA,Wine,733353400158,187 ML,4-Pack,6.33,7.98,0
MYX TROPICAL SANGRIA,Wine,733353400219,187 ML,4-Pack,6.33,7.98,0
MYX CONCORD,Wine,733353400394,187 ML,4-Pack,6.42,7.98,0
MYX CONCORD,Wine,733353400400,750 ML,,3.54,4.99,1
MYX WATERMELON,Wine,733353400639,187 ML,4-Pack,6.33,7.98,0
KIJAFA CHERRY,Wine,736040011934,750 ML,,8.33,9.99,0
VICOLO PINOT NOIR 1.5 LT,Wine,736040520009,1.5 LT,,9.9,13.99,0
SANTERO MOSCATO ROSE,Wine,736211842183,1.5 LT,,26.09,32.99,5
CANEI VINO BIANCO 1.5 LTR,Wine,739949400021,1.5 LT,,8.66,8.99,0
DIRECTORS CUT SAUVVIGNON BLANC,Wine,739958127087,750 ML,Single,16.09,19.99,0
GIA FRIZZANTE CHARDONNAY,Wine,739958128107,750 ML,Single,3.5,4.99,0
LA FUERZA RED WINE,Wine,7460736901904,750 ML,,5.18,7.99,34
LA FUERZA RED WINE,Wine,7460736903236,1.5 LT,,10.95,13.99,36
XXL SPARKLING MOSCATO,Wine,763955000081,750 ML,,10,12.99,5
XXL BLACKBERRY TETRA,Wine,763955000432,500 ml,,3.33,4.46,1
XXL PEACH TETRA,Wine,763955000449,500 ml,,3.33,4.46,1
XXL MANGO TETRA,Wine,763955000456,500 ml,,3.33,4.46,0
XXL STRAWBERRY TETRA,Wine,763955000463,500 ml,,3.33,4.46,0
XXL PINEAPPLE TETRA,Wine,763955000470,500 ml,,3.33,4.46,4
XXL BLACKBERRY,Wine,763955010004,750 ML,,7.33,9.99,13
XXL MANGO,Wine,763955013005,750 ML,,7.33,9.99,0
XXL PINEAPPLE,Wine,763955014002,750 ML,,7.33,9.99,13
XXL PEACH,Wine,763955015009,750 ML,,7.33,9.99,0
XXL STRAWBERRY,Wine,763955016006,750 ML,,7.33,9.99,12
XXL APPLE,Wine,763955017003,750 ML,,7.33,9.99,12
XXL GUAVA,Wine,763955018000,750 ML,,7.33,9.99,16
XXL CHERRY,Wine,763955019007,750 ML,,7.33,9.99,9
XXL BLUEBERRY,Wine,763955020003,750 ML,,7.33,9.99,11
XXL MOSCATO,Wine,763955021000,750 ML,,7.33,9.99,8
BAILLI DE PROVENCE,Wine,763955400119,750 ML,,1.39,2.99,0
TUSSOCK JUMPER MOSCATO,Wine,763955710003,750 ML,,2,2.99,25
XXL EXTREME 21,Wine,764227446385,750 ML,,9,12.99,2
DOG HOUSE  750ML,Wine,768035002009,750 ML,,7,7.02,0
HAIGHT ASHBERRY MANGO PASSION,Wine,796254310018,750 ML,,3,3.75,0
HAIGHT ASHBERRY STRAWBERRY 750,Wine,796254310032,750 ML,,3,3.75,0
HAIGHT ASHBERRY CRANBERRY PINE,Wine,796254310049,750 ML,,2.79,3.75,0
NEVADA HILLS 750ML,Wine,796254601055,750 ML,,5.09,5.99,0
VITA BELLA PROSECCO,Wine,8001592006960,750 ML,,7.5,10.99,12
SANTERO MOSCATO PEACH,Wine,8004385034546,750 ML,,9.09,9.99,2
SANTERO MOSCATO PINEAPPLE,Wine,8004385034553,750 ML,,8,9.99,0
SANTERO MOSCATO MANGO,Wine,8004385034560,750 ML,,9.09,9.99,3
SANTERO MOSCATO PASSION,Wine,8004385034577,750 ML,,9.09,9.99,0
SANTERO MOSCATO COCONUT,Wine,8004385034614,750 ML,,9.09,9.99,0
SANTERO MOSCATO STRAW,Wine,8004385034621,750 ML,,8.66,9.99,0
SANTERO MOSCATO MIMOSA,Wine,8004385037172,750 ML,,8.66,9.99,4
VEUVE DU VERNAY,Wine,81088501005,750 ML,,9.42,12.99,0
SANTA CAROLINA MOSCATO 750 ML,Wine,813942011399,750 ML,,3.5,3.74,0
CAPA MOSCATO,Wine,817036010305,750 ML,,5.33,5.99,0
WILD IRISH RED,Wine,828821,187 ML,,1.32,1.88,43
YELLOW TAIL PINK MOSCATO,Wine,839743001513,750 ML,,5.99,9.38,10
YELLOW TAIL PINK MOSCATO,Wine,839743001520,1.5 LT,,12.49,15.99,5
YELLOW TAIL STRAW LIME,Wine,839743003111,750 ML,,6.99,7.99,8
YELLOW TAIL PEACH MANGO,Wine,839743003135,750 ML,,6.99,7.99,7
YELLOW TAIL PINEAPPLE,Wine,839743003159,750 ML,,6.99,7.99,8
RAIZA RIOJA,Wine,8410310606878,750 ML,Single,7.33,8.99,0
LA TORITA SANGRIA,Wine,8410702048286,1.5 LT,,7.5,9.99,0
80 YEARS RED BLEND,Wine,8410744010128,750 ML,,2,4.99,3
PROUD MARY ROSE,Wine,8420209031247,750 ML,,3,3.99,0
HOUSE WINE DARK CABERNET,Wine,848375004656,3 LT,,3,8.99,0
MOSKATO LIFE STRAWBERRY 750ML,Wine,849806000575,750 ML,,4.67,5.99,0
BAREFOOT WINTER BLEND,Wine,8500002416,750 ML,Single,5.39,7.99,0
SUTTER HOME MERLOT,Wine,850022,187 ML,,1.33,1.88,14
HOOK OR CROOK CHARDONNAY,Wine,850038062040,750 ML,,8.09,10.99,3
HOOK OR CROOK CABERNET SAUV.,Wine,850038062415,750 ML,,8.09,10.99,4
SUTTER HOME CABERNET SAUVIGNON,Wine,850052,187 ML,,1.33,1.88,37
BEAT BOX ORANGE BLAST,Wine,850059195178,16 OZ,,2.38,3.29,6
BEAT BOX MYSTIC GRAPE,Wine,850059195314,16 OZ,,2.38,3.29,17
BEAT BOX BLUEBERRY,Wine,850059195352,16 OZ,,2.38,3.29,13
BEAT BOX WATERMELON,Wine,850059195376,16 OZ,,2.38,3.29,16
BEAT BOX CINNAMON,Wine,850059195529,16 OZ,,2.38,3.29,24
PAPI BLACK,Wine,850061597007,750 ML,,5.67,5.99,9
PAPI BLUEBERRY,Wine,850061597021,750 ML,,3,5.99,11
PAPI MANGO,Wine,850061597045,750 ML,,3,5.99,24
PAPI PEACH,Wine,850061597069,750 ML,,3,5.99,29
PAPI PINEAPPLE,Wine,850061597083,750 ML,,3,5.99,19
PAPI APPLE,Wine,850061597106,750 ML,,3,5.99,22
PAPI SWEET RED,Wine,850061597120,750 ML,,3,5.99,27
CASSARA PINOT GRIGIO,Wine,850061597205,750 ML,,3,4.99,23
CASSARA PINOT GRIGIO,Wine,850061597304,1.5 LT,,5.33,8.99,17
SUTTER HOME CHARDONNAY,Wine,850062,187 ML,,1.33,1.88,29
SUTTER HOME WHITE ZINFANDEL,Wine,850092,187 ML,,1.33,1.88,15
SUTTER HOME PINOT GRIGIO,Wine,850142,187 ML,,1.33,1.88,69
SUTTER HOME MOSCATO,Wine,850162,187 ML,,1.33,1.88,36
SUTTER HOME MOSCATO,Wine,850202,750 ML,,5.33,7.51,10
SUTTER HOME MERLOT,Wine,850242,750 ML,,5.33,7.51,19
SUTTER HOME CABERNET SAUVINGNO,Wine,850252,750 ML,,6,7.51,14
SUTTER HOME CHARDONNAY,Wine,850262,750 ML,,5.33,7.51,3
SUTTER HOME SAUVIGNON BLANC,Wine,850272,750 ML,,5.33,7.51,11
SUTTER HOME MERLOT,Wine,850542,1.5 LT,,9.49,11.99,37
SUTTER HOME CABERNET SAUVIGNON,Wine,850552,1.5 LT,,9.49,11.99,14
SUTTER HOME CHARDONNAY,Wine,850562,1.5 LT,,9.49,11.99,36
SUTTER HOME SAUVIGNON BLANC,Wine,850572,1.5 LT,,9.49,11.99,15
SUTTER HOME WHITE ZINFANDEL,Wine,850592,1.5 LT,,9.49,11.99,26
SUTTER HOME MOSCATO,Wine,850622,1.5 LT,,9.49,11.99,43
SUTTER HOME WHITE MERLOT,Wine,850632,1.5 LT,,9.49,11.99,5
SUTTER HOME PINOT GRIGIO,Wine,850682,1.5 LT,,9.49,11.99,29
SUTTER HOME SWEET RED,Wine,850752,750 ML,,5.33,7.51,17
SUTTER HOME SWEET RED,Wine,850762,1.5 LT,,9.49,11.99,38
SUTTER HOME SWEET RED,Wine,850782,187 ML,,1.33,1.88,57
SUTTER HOME PINK MOSCATO,Wine,850962,750 ML,,5.33,7.51,18
SUTTER HOME PINK MOSCATO,Wine,850982,1.5 LT,,9.49,11.99,36
SUTTER HOME PINK MOSCATO,Wine,850992,187 ML,,1.33,1.88,49
FRE WHITE ZINFADEL 750ML,Wine,851002,750 ML,,4.09,5,0
CASALEIRO CASALEIRO RESERVA,Wine,851066003760,750 ML,Single,3.09,3.99,0
BEAT BOX FRUIT PUNCH,Wine,851133006120,16 OZ,,2.38,3.29,33
BEAT BOX BLUE RAZZBERRY,Wine,851133006137,16 OZ,,2.38,3.29,10
BEAT BOX PINK LEMONADE,Wine,851133006151,16 OZ,,2.38,3.29,22
BEAT BOX TROPICAL,Wine,851133006342,16 OZ,,2.38,3.29,10
BEAT BOX JUICY MANGO,Wine,851133006519,16 OZ,,2.38,3.29,16
BEAT BOX CRANBERRY,Wine,851133006700,16 OZ,,2.38,3.29,18
BEAT BOX GREEN APPLE,Wine,851133006731,16 OZ,,2.38,3.29,17
BEAT BOX HARD TEA,Wine,851133006755,16 OZ,,2.38,3.29,11
BEAT BOX PEACH,Wine,851133006991,16 OZ,,2.38,3.29,15
SUTTER HOME RED MOSCATO,Wine,851162,750 ML,,5.33,7.51,19
SUTTER HOME RED MOSCATO,Wine,851172,187 ML,,1.33,1.88,51
SUTTER HOME RED MOSCATO,Wine,851182,1.5 LT,,9.49,11.99,46
BOONES FARM SUN PEAK PEACH 750,Wine,851500,750 ML,,3.29,4.25,0
MARK WEST CHARDONNAY,Wine,851718000116,750 ML,,10.01,11.99,0
BAREFOOT RED MOSCATO,Wine,851850,187 ML,,1.17,1.88,1
BIRTHDAY CAKE WHITE WINE 750 M,Wine,851926004241,750 ML,,12,13.99,0
BOONES FARM STRAWBERRY DAIQUIR,Wine,851940,750 ML,,3.29,4.25,0
VENTISQUERO CABERNET SAUV,Wine,852238000105,750 ML,,8.5,10.99,12
TURNING LEAF CHARDONNAY 750ML,Wine,852390,750 ML,,7,8.99,0
TURNING LEAF CABERNET SAUVIGNO,Wine,852490,750 ML,,7,8.99,0
TURNING LEAF WHITE ZINFANDEL 7,Wine,852500,750 ML,,7,8.99,0
TURNING LEAF MERLOT 750ML,Wine,852690,750 ML,,7,8.99,0
BOONES FARM FUZZY NAVEL 750 ML,Wine,852950,750 ML,,3.29,4.25,0
BOONES FARM MOUNTAIN BERRY 750,Wine,853500,750 ML,,3.29,4.25,0
OLE SMOKY BANANA PUDDING,Wine,853915008995,750 ML,,22.99,28.99,2
PAPI CHARDONNAY,Wine,853936007687,750 ML,,5,7.99,12
PAPI RED BLEND,Wine,853936007700,750 ML,,5,7.99,16
PAPI RED BLEND,Wine,853936007717,1.5 LT,,10,12.99,14
PAPI PROSECCO,Wine,853936007793,750 ML,,8.67,11.99,1
PAPI PROSECCO ROSE,Wine,853936007809,750 ML,,8.67,11.99,9
PAPI WHITE PEACH,Wine,853936007984,750 ML,,3.33,4.69,0
WILD VINES BLACKBERRY MERLOT 1,Wine,854070,1.5 LT,,6.79,7.99,0
TURNING LEAF CHARDONNAY 187 ML,Wine,854420,187 ML,,1.33,2.25,0
TURNING LEAF MERLOT 187 ML,Wine,854490,187 ML,,1.33,2.1,0
TURNING LEAF WHITE ZINFANDEL 1,Wine,854720,187 ML,,1.33,2.25,0
CARLO MERLOT,Wine,854880,1.5 LT,,8.01,10.32,4
CARLO WHITE ZINFANDEL,Wine,854940,1.5 LT,,8.01,10.32,5
BOONES FARM SANGRIA 750 ML,Wine,855120,750 ML,,3.29,4.25,0
BAREFOOT CABERNET SAUVIGNON,Wine,855210,187 ML,,1.5,1.88,1
FAIR BANKS WHITE PROOF 750ML,Wine,855270,750 ML,,6.09,7.99,0
BAREFOOT WHITE ZINEFANDEL,Wine,855310,187 ML,,1.33,1.88,0
FAIR BANKS PORT 750 ML,Wine,855320,750 ML,,4.19,5.6,0
FAIR BANKS PORT 1.5 LT,Wine,855340,1.5 LT,,8,10.99,0
BAREFOOT CHARDONNAY,Wine,855360,187 ML,,1.17,1.88,10
FAIRBANKS SHERRY 1.5 LTR,Wine,855390,1.5 LT,,8.01,8.99,0
BAREFOOT MERLOT,Wine,855460,187 ML,,1.33,1.88,9
BAREFOOT MOSCATO,Wine,855590,187 ML,,1.33,1.88,1
BOONES FARM SNOW CREEK BERRY 7,Wine,855610,750 ML,,3.29,4.25,0
THUNDERBIRD 17.5 % 750ML,Wine,855640,750 ML,,2.65,3.27,0
CARLO SWEET RED,Wine,855680,1.5 LT,,8.01,10.32,8
BAREFOOT SWEET RED,Wine,855730,187 ML,,1.33,1.88,8
BOONES FARM WILD ISLAND 750 ML,Wine,855820,750 ML,,3.29,4.25,0
DELICIA RED VELVET,Wine,855830,750 ML,,5.09,6,0
BAREFOOT PINK MOSCATO,Wine,855940,187 ML,,1.33,1.88,0
MADRIA SANGRIA 187 ML,Wine,855990,187 ML,,1.65,2.1,0
THUNDERBIRD 375 ML,Wine,856090,375 ML,,1.25,1.86,0
LIVINGSTON  750ML,Wine,856160,750 ML,,5.09,5.99,0
THUNDERBIRD 13.9% 750 ML,Wine,856570,750 ML,,3.09,4.21,0
CARLO SANGRIA,Wine,857130,1.5 LT,,8.01,10.32,10
CARLO SANGRIA,Wine,857140,3 LT,,12.01,16.99,5
CARLO SANGRIA,Wine,857160,4 LT,,16.01,19.99,4
BOONES FARM STRAWBERRY HILL 75,Wine,857300,750 ML,,3.29,4.25,0
BALLATORE GRAN SPUMANTE 750 ML,Wine,857570,750 ML,,6.29,6.49,0
SENOR SANGRIA RED,Wine,857674005004,750 ML,,7.48,7.99,4
JOSH CABERNET SAUV.,Wine,857744001318,750 ML,,14.09,17.99,8
JOSH MERLOT,Wine,857744011157,750 ML,,14.09,17.99,12
TROPICAL STRAWBERRY MOSCATO,Wine,857852002092,750 ML,,9.33,9.99,0
TROPICAL MANGO MOSCATO,Wine,857852002108,750 ML,,9.33,9.99,6
TROPICAL CRANBERRY MOSCATO,Wine,857852002467,750 ML,,9.33,9.99,5
TROPICAL DARK RED SEMI,Wine,857852002542,750 ML,,9.33,9.99,5
TROPICAL BLUEBERRY MOSCATO,Wine,857852002641,750 ML,,9.33,9.99,4
PAPI PINOT GRIGIO,Wine,858962004099,750 ML,,5,7.99,10
PAPI PINOT GRIGIO,Wine,858962004112,1.5 LT,,9.33,12.99,3
PAPI PINOT NOIR,Wine,858962004136,750 ML,,5.67,7.99,16
PAPI MOSCATO,Wine,858962004228,1.5 LT,,10,12.99,12
PAPI MOSCATO,Wine,858962004242,750 ML,,5.33,7.99,8
PAPI SANGRIA,Wine,858962004518,1.5 LT,,6,8.99,18
PAPI PINK MOSCATO,Wine,858962004860,750 ML,,5,7.99,31
PAPI PINK MOSCATO,Wine,858962004877,1.5 LT,,9.33,12.99,0
TURNING LEAF PINOT GRIGIO 750M,Wine,859680,750 ML,,6.01,8.99,0
VINE SMOOTHIE PEACH 750 ML,Wine,859775001329,750 ML,,6.5,9.99,0
VINE SMOOTHIE BERRY 750 ML,Wine,859775001336,750 ML,,7.5,9.99,0
VINE SMOOTHIE STRAWBERRY 750 M,Wine,859775001343,750 ML,,6.5,9.99,0
VINE SMOOTHIE PINEAPPLE 750 ML,Wine,859775001350,750 ML,,6.5,9.99,0
BEAT BOX LEMONADE,Wine,860010695814,16 OZ,,2.38,3.29,13
BEAT BOX CHERRY LEMONADE,Wine,860010695852,16 OZ,,2.38,3.29,48
NAPA CELLARS PINOT NOIR 750 ML,Wine,870731000101,750 ML,,13.09,18.99,0
MONACO BLACK RASPBERRY,Wine,891278002304,355ml,,2,2.58,11
MONACO HARD WATERMELON,Wine,891278002335,355ml,,2,2.58,16
MONACO LIME CRUSH,Wine,891278002373,355ml,,2,2.58,14
MONACO BLUE CRUSH,Wine,891278002458,355ml,,2,2.58,24
MONACO PURPLE CRUSH,Wine,891278002519,355ml,,1.95,2.58,19
MONACO CLASSIC MAI TAI,Wine,891278003271,355ml,,2,2.58,9
MONACO HARD LEMONADE,Wine,891278003332,355ml,,2,2.58,11
MONACO PEACH LEMONADE,Wine,891278003585,355ml,,2,2.58,28
BISO MOSCATO MANGO 750 ML,Wine,893778001610,750 ML,,6.82,9.99,0
BISO MOSCATO STRAWBERRIES 750,Wine,893778001818,750 ML,,6.82,9.99,0
PAPI CABERNET SAUVIGNON,Wine,893828001003,750 ML,,5.67,7.99,3
PAPI CABERNET SAUV.,Wine,893828001041,1.5 LT,,10,12.99,7
PAPI SAUVIGTON BLANC,Wine,893828001058,1.5 LT,,9.33,12.99,9
PAPI PASSION FRUIT,Wine,893828001850,750 ML,,3.33,4.69,0
PAPI RED ORIGINAL,Wine,893828001867,750 ML,,3.33,4.69,5
AUTHENTICA SANGRIA RED,Wine,894185000647,1.5 LT,,7.5,9.37,0
MOSKATO LIFE ROSE 750ML,Wine,895216002036,750 ML,,4.67,5.99,0
PAPI MERLOT,Wine,895469002425,750 ML,,5.67,7.99,29
PAPI MERLOT,Wine,895469002432,1.5 LT,,10,12.99,10
LISABELLA SECCO,Wine,895469002951,750 ML,,3.33,4.99,36
SEAGRAM ESCAPES MARGARITA,Wine Cooler,70310010648,10 OZ,,1.63,2.34,0
SEAGRAM PINA COLADA,Wine Cooler,70310010679,Frozen,,0.75,1.87,0
SEAGRAMS FROZEN BLUE HAWAIIAN,Wine Cooler,70310011010,Frozen,,0.75,1.87,0
SEAGRAMS FROZEN JAMAICAN 10 OZ,Wine Cooler,70310011058,Frozen,,0.75,1.87,0
SEAGRAM CALYPSO COLADA CAN,Wine Cooler,70310012222,12 OZ,,0.75,1.64,0
SEAGRAM STRAWBERRY DAIQUIRI CA,Wine Cooler,70310012239,12 OZ,,0.75,1.64,0
SEAGRAM RUMBLE CAN,Wine Cooler,70310014837,24 OZ,,2.25,3.05,9
SEAGRAM SPIKED STRAWBERRY,Wine Cooler,70310014844,24 OZ,,2.25,3.05,1
SEAGRAM SPIKED CITRUS PUNCH,Wine Cooler,70310015254,24 OZ,,2.25,3.05,0
SEAGRAM SPIKED GREEN APPLE,Wine Cooler,70310015391,24 OZ,,2.25,3.05,0
SEAGRAM SPIKED CHERRY,Wine Cooler,70310016404,24 OZ,,1.95,3.05,1
SEAGRAM SPIKED BLUE RAZBERRY,Wine Cooler,70310016411,24 OZ,,2.25,3.05,4
SEAGRAM JAMAICAN ME HAPPY BTL,Wine Cooler,70310016459,11.2oz,4-Pack,5.49,7.04,11
SEAGRAM SPIKED MANGO GINGER,Wine Cooler,70310016862,24 OZ,,2.25,3.05,0
SEAGRAM SPIKED PASSIONFRUIT,Wine Cooler,70310016879,24 OZ,,2.25,3.05,0
SEAGRAM PINEAPPLE CAN,Wine Cooler,70310017012,24 OZ,,2.25,3.05,10
SEAGRAM BLOOD ORANGE CAN,Wine Cooler,70310017029,24 OZ,,1.75,3.05,0
SEAGRAM SLAMMIN CAN,Wine Cooler,70310017050,24 OZ,,2.25,3.05,10
SEAGRAM BLUEBERRY ACAI BTL,Wine Cooler,70310017296,11.2oz,4-Pack,5.49,7.04,6
SEAG.STRAWBERRY ACAI BTL,Wine Cooler,70310017661,12 OZ,6-Pack,8.62,11.99,1
SEAGRAM CALYPSO COLADA BTL,Wine Cooler,80432100875,11.2oz,4-Pack,5.49,7.04,0.5
SEAGRAM PINEAPPLE BTL,Wine Cooler,80432403259,11.2oz,4-Pack,4.12,7.04,9
SEAGRAM PEACH BELINI,Wine Cooler,80432802281,11.2oz,4-Pack,5.49,7.04,7
SEAGRAM STRAWBERRY DAIQUIRI BT,Wine Cooler,80432802540,11.2oz,4-Pack,5.49,7.04,5
SEAGRAM BLACK CHERRY FIZ,Wine Cooler,80432802885,11.2oz,4-Pack,5.49,7.04,0
SMIRNOFF ORIGINAL BTL,Wine Cooler,82000723851,12 OZ,6-Pack,7.88,10.32,8
SMIRNOFF ORIGINAL BTL,Wine Cooler,82000725695,24 OZ,,2.58,3.47,13
SMIRNOFF GREEN APPLE BTL,Wine Cooler,82000727514,12 OZ,6-Pack,7.88,10.32,5
SMIRNOFF RASPBERRY BTL,Wine Cooler,82000727545,12 OZ,6-Pack,7.88,10.32,1
SMIRNOFF GREEN APPLE BTL,Wine Cooler,82000729020,24 OZ,,2.67,3.47,8
SMIRNOFF VERIETY PACK,Wine Cooler,82000729082,12 OZ,12-Pack,14,16.99,0
SMIRNOFF GRAPE BTL,Wine Cooler,82000732143,12 OZ,6-Pack,7.88,10.32,2
SMIRNOFF GRAPE  BTL,Wine Cooler,82000734093,24 OZ,,2.42,3.47,1
SMIRNOFF MANGO BTL,Wine Cooler,82000743446,12 OZ,6-Pack,7.88,10.32,8
SMIRNOFF MANGO BTL,Wine Cooler,82000747246,24 OZ,,2.58,3.47,21
PARROT BAY STRAWBERRY DAIQUIRI,Wine Cooler,82000756200,10 OZ,,1.41,2.34,0
SMIRNOFF SCREWDRIVER BTL,Wine Cooler,82000757481,12 OZ,6-Pack,7.88,10.32,10
SMIRNOFF SCREWDRIVER BTL,Wine Cooler,82000762126,24 OZ,,2.58,3.47,15
SMIRNOFF WATERMELON MIMOSA BTL,Wine Cooler,82000765240,24 OZ,,2.58,3.47,3
SMIRNOFF PINK LEMONADE BTL,Wine Cooler,82000766001,12 OZ,6-Pack,7.88,10.32,8
SMIRNOFF SCREWDRIWER CAN,Wine Cooler,82000776925,23 OZ,,2.33,3.14,3
SMIRNOFF RED WHITE BERRY,Wine Cooler,82000782506,12 OZ,6-Pack,7.88,10.32,8
SMIRNOFF PINE COCO BTL,Wine Cooler,82000786016,12 OZ,6-Pack,8.5,11.27,7
SMIRNOFF STRAW KIWI BTL,Wine Cooler,82000786047,12 OZ,6-Pack,8.5,11.27,3
SMIRNOFF PEACH MANGO CAN,Wine Cooler,82000786252,23 OZ,,2.42,3.14,2
SMIRNOFF PINE COCO CAN,Wine Cooler,82000786290,23 OZ,,2.42,3.14,0
SMIRNOFF STRAW LEMON CAN,Wine Cooler,82000786337,23 OZ,,2.42,3.14,0
SMIRNOFF RED WHITE BERRY BTL,Wine Cooler,82000786900,24 OZ,,2.58,3.47,20
SMIRNOFF BLUE RASPBERRY CAN,Wine Cooler,82000791652,23 OZ,,2.42,3.14,0
SMIRNOFF RED WHITE BERRY CAN,Wine Cooler,82000795223,23 OZ,,2.42,3.14,0
SMIRNOFF ZERO VERIETY PACK,Wine Cooler,82000796411,12 OZ,12-Pack,14.75,17.99,0
SMIRNOFF PINK LEMONADE CAN,Wine Cooler,82000798965,23 OZ,,2.42,3.14,0
SMIRNOFF PEACH LEMONADE CAN,Wine Cooler,82000798989,23 OZ,,2.42,3.14,0
SMIRNOFF PINK LEMONADE BTL,Wine Cooler,82000800934,24 OZ,,2.58,3.47,15
SMIRNOFF BLUE RASPBERRY BTL,Wine Cooler,82000803324,12 OZ,6-Pack,7.88,10.32,11
JD SOUTHERN PEACH BTL,Wine Cooler,82184203088,12 OZ,6-Pack,6.3,9.38,2
JD SOUTHERN CITRUS BTL,Wine Cooler,82184204160,12 OZ,6-Pack,7,9.38,0
JD DOWNHOME PUNCH BTL,Wine Cooler,82184226018,12 OZ,6-Pack,6.3,9.38,3
JD LYNCHBURG LEMONADE BTL,Wine Cooler,82184226025,12 OZ,6-Pack,6.3,9.38,7
JD WATERMELON PUNCH BTL,Wine Cooler,82184226032,12 OZ,6-Pack,6.3,9.38,6
JD BERRY PUNCH BTL,Wine Cooler,82184226049,12 OZ,6-Pack,6.3,9.38,0
JD BLACK JACK COLA BTL,Wine Cooler,82184226056,12 OZ,6-Pack,6.3,9.38,5
JD CHERRY LIME BTL,Wine Cooler,82184264935,12 OZ,6-Pack,6.3,9.38,0
J D HURRICANE PUNCH  1 BTL,Wine Cooler,82184754344,12 OZ,,1,1.86,0
TWISTED ROCKET POP BTL,Wine Cooler,87692021650,12 OZ,6-Pack,7.88,10.32,0
TWISTED BLUEBERRY BTL,Wine Cooler,87692171027,12 OZ,6-Pack,7.88,10.32,2
TWISTED HALF & HALF BTL,Wine Cooler,87692751021,12 OZ,6-Pack,7.88,10.32,0
TWISTED ORIGINAL BTL,Wine Cooler,87692831020,12 OZ,6-Pack,7.88,10.32,3
TWISTED RASPBERRY BTL,Wine Cooler,87692851028,12 OZ,6-Pack,7.88,10.32,5
TWISTED PEACH BTL,Wine Cooler,87692971023,12 OZ,6-Pack,7.88,10.32,2
ABSOLUT GRAPEFRUIT SODA CAN,Wine Cooler,89540535500,355ml,,1,1.64,0
SEAGRAM CRANBERRY,Wine Cooler,5007100000,11.2oz,4-Pack,5.25,7.04,0
SEAGRAM VERIETY PACK,Wine Cooler,5186300000,11.2oz,12-Pack,14.7,17.99,5
SMIRNOFF PEACH BELLINI BTL,Wine Cooler,5194900000,12 OZ,6-Pack,7.12,10.32,0
MIKES BLACK RASPBERRY BTL,Wine Cooler,635985060642,12 OZ,6-Pack,7.88,10.32,0
MIKES MANGO PUNCH BTL,Wine Cooler,635985060703,12 OZ,6-Pack,7.88,10.32,6
MIKES WILD BERRY,Wine Cooler,635985060741,12 OZ,6-Pack,7.88,10.32,0
MIKES BLACK CHERRY BTL,Wine Cooler,635985067443,12 OZ,6-Pack,7.88,10.32,6
MIKES LEMONADE BTL,Wine Cooler,635985100621,12 OZ,6-Pack,7.88,10.32,10
MIKES HARDER BLACK CHERRY CAN,Wine Cooler,635985132158,24 OZ,,2.58,3.52,9
MIKES PEACH LEMONADE BTL,Wine Cooler,635985190028,12 OZ,6-Pack,7.88,10.32,8
MIKES STRAWBERRY LEMONAD BTL,Wine Cooler,635985224136,12 OZ,6-Pack,7.88,10.32,2
MIKES HARDER CRANBERRY CAN,Wine Cooler,635985249856,24 OZ,,2.58,3.52,17
MIKES HARDER MANGO CAN,Wine Cooler,635985258919,24 OZ,,2.58,3.52,5
MIKES CRANBERRY BTL,Wine Cooler,635985606116,12 OZ,6-Pack,7.88,10.32,7
MIKES HARDER PINEAPPLE CAN,Wine Cooler,635985800217,24 OZ,,2.58,3.52,10
MIKES HARDER HALF & HALF CAN,Wine Cooler,635985800828,24 OZ,,2.58,3.52,17
MIKES SELTZER STRAWBERRY CAN,Wine Cooler,635985800880,24 OZ,,2.33,3.52,0
MIKES HARDER RED FREEZE CAN,Wine Cooler,63598580100,24 OZ,,2.42,3.52,0
MIKES HARDER BLUE FREEZE CAN,Wine Cooler,635985801023,24 OZ,,2.67,3.52,6
MIKES ZERO SUGAR BTL,Wine Cooler,63598580177,12 OZ,6-Pack,7.88,10.32,2
MIKES HARDER ORIGINAL TEA CAN,Wine Cooler,635985803782,24 OZ,,2.58,3.52,7
CLUBTAILS BAHAMA MAMA CAN,Wine Cooler,684746400494,24 OZ,,2.25,3.05,12
CLUBTAILS SUNNY MARGARITA CAN,Wine Cooler,684746400500,24 OZ,,2.08,2.81,0
CLUBTAILS ICED TEA CAN,Wine Cooler,684746400531,24 OZ,,2.08,2.81,4
CLUBTAILS SCREWDRIWER CAN,Wine Cooler,684746400548,24 OZ,,2.25,3.05,12
CLUBTAILS SEX ON THE BEACH CAN,Wine Cooler,684746400555,24 OZ,,2.25,3.05,11
CLUBTAILS BLUE HAWAIIN,Wine Cooler,684746401057,24 OZ,,2.25,3.05,11
CLUBTAILS PEACH MARGARITA CAN,Wine Cooler,684746401064,24 OZ,,2.25,3.05,11
CLUBTAILS PINK LEMONADE CAN,Wine Cooler,684746401897,24 OZ,,2.08,2.81,0
BEAST MAN GRN,Wine Cooler,810117130015,16 OZ CN,,1.5,2.34,0
CAYMAN JACK MARGARITA BTL,Wine Cooler,815829010068,11.2oz,6-Pack,7.88,10.32,8
CAYMAN JACK STRAWBERRY BTL,Wine Cooler,815829011898,11.2oz,6-Pack,7.88,10.32,3
CAYMAN JACK PALOMA BTL,Wine Cooler,815829011911,11.2oz,6-Pack,7.88,10.32,1
JD STRAWBERRY BTL,Wine Cooler,840245600449,12 OZ,6-Pack,6.3,9.38,4
HOUSE WINE GNGR MULE,Wine Cooler,848375008449,375 ML,,0.5,1.41,0
HOUSE WINE RASBERRY CAN,Wine Cooler,848375008463,375 ML,,0.5,1.41,0
HOUSE WINE BLUEBERRY,Wine Cooler,848375008708,375 ML,,0.5,1.41,0
HOUSE WINE STRWBERRY CAN,Wine Cooler,848375008715,375 ML,,0.5,1.41,0